"Account","WeChat_ID","FakeID","Title","URL","Date"
"叶小钗","yexiaochai","Mzg2MzcyODQ5MQ==","Harness 到底是什么？看看 OpenClaw、Hermes、Claude Code 的演绎吧","http://mp.weixin.qq.com/s?__biz=Mzg2MzcyODQ5MQ==&mid=2247500767&idx=1&sn=b3d620a57e8833c4928da40f67fdecd1&chksm=ce76a5dbf9012ccdd1b4702fc96b85fe496591549c109333872f89d16b133323ade3b9e07a94#rd","2026-04-22 21:28:00"
"叶小钗","yexiaochai","Mzg2MzcyODQ5MQ==","【万字】抛开 RAG 谈蒸馏.skill，大概率是形式主义","http://mp.weixin.qq.com/s?__biz=Mzg2MzcyODQ5MQ==&mid=2247500725&idx=1&sn=de7299268dc30c1928f250f9d05191b0&chksm=ce76a5b1f9012ca7bfb68be311b812ee05490a5a313098dc27442efdee26f55c19447c23e9f2#rd","2026-04-21 21:28:00"
"叶小钗","yexiaochai","Mzg2MzcyODQ5MQ==","AI焦虑？看不懂的，大概率不重要，学得慢的，很快就过时了","http://mp.weixin.qq.com/s?__biz=Mzg2MzcyODQ5MQ==&mid=2247500691&idx=1&sn=aa83717286cdcad10cc2a54afa9e9cd5&chksm=ce76a597f9012c8162d363bcdd0b8c5332c4f1b27ca688f9905c87034467bc898e18121c3367#rd","2026-04-20 21:28:00"
"叶小钗","yexiaochai","Mzg2MzcyODQ5MQ==","【万字】OpenClaw vs Hermes：一文深入拆解两大 Agent 框架","http://mp.weixin.qq.com/s?__biz=Mzg2MzcyODQ5MQ==&mid=2247500597&idx=1&sn=d601f66ac0d8d9749fa42a4d01fdd060&chksm=ce76a531f9012c27ec9dc29fba6ee30faf8f0a8e7b445761c404465307c5ffb38c9b6cc4f38a#rd","2026-04-19 21:28:00"
"叶小钗","yexiaochai","Mzg2MzcyODQ5MQ==","如果想要进入AI行业，你需要学习的东西又变了...","http://mp.weixin.qq.com/s?__biz=Mzg2MzcyODQ5MQ==&mid=2247500057&idx=1&sn=27826d0673deb3f8adf3f969540b6401&chksm=ce76a71df9012e0bf7695f67de0a652fe6144a79b17adfccb7ecfe2f54060bd8368f68c28535#rd","2026-03-28 22:58:00"
"叶小钗","yexiaochai","Mzg2MzcyODQ5MQ==","OpenClaw太费钱，试试国产NuwaClaw，免费试用+一键安装+私有化","http://mp.weixin.qq.com/s?__biz=Mzg2MzcyODQ5MQ==&mid=2247500016&idx=1&sn=481239bc63a1aad71d3485d19cf1d91e&chksm=ce76a6f4f9012fe2ac28ad543a4f16449f3dc31a4d7943b00e676428fb123eef025c309e3f58#rd","2026-03-24 21:28:00"
"叶小钗","yexiaochai","Mzg2MzcyODQ5MQ==","Claude 工程师亲授 OpenClaw 调教指南：Skills 的工程化心法","http://mp.weixin.qq.com/s?__biz=Mzg2MzcyODQ5MQ==&mid=2247500013&idx=1&sn=db9d9c4120b846f1783132b2e87671ce&chksm=ce76a6e9f9012fff35da20503aa845225e41be4cfcf65d402991c692a8009e67bf9796ec1b53#rd","2026-03-25 21:28:00"
"叶小钗","yexiaochai","Mzg2MzcyODQ5MQ==","别只盯着OpenClaw了！这款国产AI Agent，安全、免费、1分钟上手","http://mp.weixin.qq.com/s?__biz=Mzg2MzcyODQ5MQ==&mid=2247499973&idx=1&sn=14b57670a4f9bc584093a6a2ad31572e&chksm=ce76a6c1f9012fd75710a305b8b29e95604a92518ef627563548176604cfcaf9fc32427acf31#rd","2026-03-23 21:28:00"
"叶小钗","yexiaochai","Mzg2MzcyODQ5MQ==","【万字】OpenClaw 上下文工程/记忆系统 全解析","http://mp.weixin.qq.com/s?__biz=Mzg2MzcyODQ5MQ==&mid=2247499867&idx=1&sn=beae552f3459775b39f24002fb282fe7&chksm=ce76a65ff9012f497475cbd3dcbbae51e299e2d45dc21f010927141c99163ecd0abcc6ef3407#rd","2026-03-22 21:28:00"
"叶小钗","yexiaochai","Mzg2MzcyODQ5MQ==","别被 OpenClaw 带偏了，AI 公司到底该如何组织人才？","http://mp.weixin.qq.com/s?__biz=Mzg2MzcyODQ5MQ==&mid=2247498929&idx=1&sn=60207051e94120546c2e2f22af6d82d8&chksm=ce769ab5f90113a3452071b553a51be0f13e6f5ad7bd13f85e946adc34110bdc8eeeee7f0594#rd","2026-02-25 20:28:00"
"叶小钗","yexiaochai","Mzg2MzcyODQ5MQ==","【万字】带你实现一个Agent（下），从记忆系统、ReAct到具体案例","http://mp.weixin.qq.com/s?__biz=Mzg2MzcyODQ5MQ==&mid=2247498914&idx=1&sn=f88fb3a296d667b95f709496381f4cf2&chksm=ce769aa6f90113b0653ac15a64ebff760bc1ea7e17711b24cb438a022b897fbc938c369c3370#rd","2026-02-24 20:28:00"
"叶小钗","yexiaochai","Mzg2MzcyODQ5MQ==","【万字】带你实现一个Agent（上），从Tools、MCP到Skills","http://mp.weixin.qq.com/s?__biz=Mzg2MzcyODQ5MQ==&mid=2247498889&idx=1&sn=079f99c62a1979e6bd82a20bbc9abf52&chksm=ce769a8df901139be56988dc670834fe06b8b0bf419e50a07ea030d04b2fd24202310cf5bee5#rd","2026-02-23 20:28:00"
"叶小钗","yexiaochai","Mzg2MzcyODQ5MQ==","最近模型的进步全部在预期内，包括爆火的应用seedance2或者大龙虾，各种量大出奇迹以及排列组合，老瓶装新酒。
大模型之前，核心是用Workflow解决问题，我之前就看过一个公司维护三年的蜘蛛网编排图，按对方CTO的说法，那是狗都嫌。
而后大模型出现了，程序逻辑开始都围绕Workflow + 模型做展开，但维护成本依旧高，于是推出了Agentic Workflow的模式，这很有点ReAct架构的感觉，其实就是为了解决Workflow工程维护难的问题，进一步是工作流的泛化问题。
但结果大家也清楚了，这东西不稳定，于是乎又开始各种工程手段，最后把重要的Workflow放到skills里面去了，很大的缓解了问题，所以Skills就各种火，他是工程优化的结果。
现阶段的范式是：部分Agentic Workflow + SKills Workflow。
最近一段时间模型的进步，一方面很有点围绕Workflow复杂度转移做工程优化。另一方面还在持续提升Agent工具调用的意图识别准确性，这里肯定要不停微调的。然后上下文也在提升，但没有太多新东西。
最后说一下视觉这块，生成方面是很厉害了，但这是堆量的结果，大家多去试试图片识别，依旧不咋样","http://mp.weixin.qq.com/s?__biz=Mzg2MzcyODQ5MQ==&mid=2247498821&idx=1&sn=46ea02c6ecf15227d4c9f1590670a0ca&chksm=ce769a41f9011357cb41a86da958ba0acbd86ffc069bd531c0012e04e88a2e3094da8251d6a1#rd","2026-02-12 00:08:25"
"叶小钗","yexiaochai","Mzg2MzcyODQ5MQ==","后发先至，新模型发布，全球进入DeepSeek狂欢周，连珠炮响了！","http://mp.weixin.qq.com/s?__biz=Mzg2MzcyODQ5MQ==&mid=2247498820&idx=1&sn=a170b3b4fb6e30a6de097f80b29c7472&chksm=ce769a40f90113562ac39db0a5a4a7e08f9db4c1a0de04c6ea6cfddb2ea91141135b804f22e9#rd","2026-02-11 06:30:42"
"叶小钗","yexiaochai","Mzg2MzcyODQ5MQ==","个人IP心得：10w+爆款无用，流量有毒","http://mp.weixin.qq.com/s?__biz=Mzg2MzcyODQ5MQ==&mid=2247498426&idx=1&sn=fc6e7a7f663de7f7c8e3cedbd6265859&chksm=ce769cbef90115a8454cec4adb6384418a1e0bd0cc337ac31360ac60e7aaa4ec7de7cb299f04#rd","2026-01-12 20:28:00"
"叶小钗","yexiaochai","Mzg2MzcyODQ5MQ==","为什么复杂AI项目要用LangChain？","http://mp.weixin.qq.com/s?__biz=Mzg2MzcyODQ5MQ==&mid=2247498404&idx=1&sn=aa2f76729ea55ad24c408456a5009a47&chksm=ce769ca0f90115b645f7ea8bf23cc45f0a64a50ce270a2d27824f08c0ef90cd1e263976b6ab7#rd","2026-01-13 20:28:00"
"叶小钗","yexiaochai","Mzg2MzcyODQ5MQ==","4000亿美金，Palantir 百倍PS估值？AI 2B 又他妈行了？","http://mp.weixin.qq.com/s?__biz=Mzg2MzcyODQ5MQ==&mid=2247498356&idx=1&sn=05b9140ec81adbab2837a996136686e9&chksm=ce769c70f9011566864dab84b879b373d47c0d8412d316820d23a41dbc45b8c89d4bfa92678f#rd","2026-01-11 20:28:00"
"叶小钗","yexiaochai","Mzg2MzcyODQ5MQ==","Google王炸知识库：Gemini + NotebookLM，腾讯IMA要加油了！","http://mp.weixin.qq.com/s?__biz=Mzg2MzcyODQ5MQ==&mid=2247498346&idx=1&sn=74e38893802315b7c52d6afef89045ff&chksm=ce769c6ef901157836c9760bf35d8d1d2776f526c0d7b4413bfccb32f47e9934eb6669502fa3#rd","2026-01-07 20:28:00"
"叶小钗","yexiaochai","Mzg2MzcyODQ5MQ==","管理和AI到底有没有用？来看一个CRM案例","http://mp.weixin.qq.com/s?__biz=Mzg2MzcyODQ5MQ==&mid=2247498303&idx=1&sn=1af8eca22e38877fd470f2d22b49f7b2&chksm=ce769c3bf901152da97c6629fe454d030d44daf9599dd10bdb6079c5492ec84afbc20fd6614f#rd","2026-01-06 20:28:00"
"NLP工作站","nlp_station","Mzg5MTU1NTE1OQ==","腾讯开源Hy3 preview模型，看看效果如何~","http://mp.weixin.qq.com/s?__biz=Mzg5MTU1NTE1OQ==&mid=2247499433&idx=1&sn=b32cdc741280ef61eda7b8ce004b49b1&chksm=cfc92291f8beab877b0effe3aea5dfeef6966b651bcab2f014b6b28a5428222e5488f3dbb9e7#rd","2026-04-23 12:59:53"
"NLP工作站","nlp_station","Mzg5MTU1NTE1OQ==","前几天一直白嫖的Elephant Alpha模型，竟然是百灵Ling-2.6-flash","http://mp.weixin.qq.com/s?__biz=Mzg5MTU1NTE1OQ==&mid=2247499405&idx=1&sn=835f61e6f58b6dbcca06c18e864517b8&chksm=cfc922b5f8beaba3f9a963187207dcd90ba4af5892bed5ce3afe946f8e85b99f4e95b0260b04#rd","2026-04-21 23:06:00"
"NLP工作站","nlp_station","Mzg5MTU1NTE1OQ==","8B参数，最强开源文生图模型，对标NBP，24G显卡就能跑…","http://mp.weixin.qq.com/s?__biz=Mzg5MTU1NTE1OQ==&mid=2247499376&idx=1&sn=b47594e3b420bff7fb02de25799421e2&chksm=cfc92248f8beab5eede4d7edb7bfd47e7a92401b18e658126b972db3dca9372de507ca49693b#rd","2026-04-15 00:15:58"
"NLP工作站","nlp_station","Mzg5MTU1NTE1OQ==","拥抱 Agent","http://mp.weixin.qq.com/s?__biz=Mzg5MTU1NTE1OQ==&mid=2247499354&idx=1&sn=7ae3da1f734a344ac99a8f72284cdf37&chksm=cfc92262f8beab74054bfe08fdf53faeddbb090bc64366a45c10e8903ee7901173f719339587#rd","2026-04-10 22:33:28"
"NLP工作站","nlp_station","Mzg5MTU1NTE1OQ==","逛了2天展会，让我发现了这个国内版NoteBookLM","http://mp.weixin.qq.com/s?__biz=Mzg5MTU1NTE1OQ==&mid=2247499353&idx=1&sn=91220871afaa5f69e8d61bde13154257&chksm=cfc92261f8beab77fb111f470de59e2379e1135ca5080041677fca02c18d5e4047df901f1db8#rd","2026-04-10 06:26:44"
"NLP工作站","nlp_station","Mzg5MTU1NTE1OQ==","笑死？PUA Skills，让Agent极致工作，Github已2.3k star","http://mp.weixin.qq.com/s?__biz=Mzg5MTU1NTE1OQ==&mid=2247498663&idx=1&sn=772879cfa35efc74952e5ea0741d57cd&chksm=cfc9279ff8beae89cc7287798aceddac75f919661d9cc93801edc889e60db842fc3917910d8d#rd","2026-03-11 11:41:00"
"NLP工作站","nlp_station","Mzg5MTU1NTE1OQ==","马化腾都没想到！OpenClaw，正在改变很多人对AI的付费观","http://mp.weixin.qq.com/s?__biz=Mzg5MTU1NTE1OQ==&mid=2247498636&idx=1&sn=0759b92b587537eb4584a9b9b39d062b&chksm=cfc927b4f8beaea20dbac29f002754c0cb4607d571df930fac894f208fd53d7eff260aadc495#rd","2026-03-10 05:30:00"
"NLP工作站","nlp_station","Mzg5MTU1NTE1OQ==","手机版OpenClaw来了？APPs+Skills是未来Agent的最终形态？","http://mp.weixin.qq.com/s?__biz=Mzg5MTU1NTE1OQ==&mid=2247498593&idx=1&sn=39db5a8008b7ebf1bbb1d6f5e890610f&chksm=cfc92759f8beae4f910dab0ecdd65cbe00637b79fff532672e70454c29e55b4c76175959e827#rd","2026-03-06 07:49:00"
"NLP工作站","nlp_station","Mzg5MTU1NTE1OQ==","养虾人的福音！Agent可零改造接入RL训练，优化自己的Agent模型时代到来~","http://mp.weixin.qq.com/s?__biz=Mzg5MTU1NTE1OQ==&mid=2247498569&idx=1&sn=b71b8643f571f0f31c46782a2f569210&chksm=cfc92771f8beae67ce8c473711bff0a81c0a2fcf2429a3ec557c5bb496583455e19b1632df27#rd","2026-03-04 02:24:00"
"NLP工作站","nlp_station","Mzg5MTU1NTE1OQ==","它来了！Qwen3.5开源4个尺寸小模型，从0.8B到9B","http://mp.weixin.qq.com/s?__biz=Mzg5MTU1NTE1OQ==&mid=2247498549&idx=1&sn=e64adac4a12852fc9376ae9b3aff5c2c&chksm=cfc9270df8beae1b304181eb6bab46dfcae53214bd2dd5fb7308ec3fa1b228ee29d29248b1ac#rd","2026-03-03 00:14:00"
"NLP工作站","nlp_station","Mzg5MTU1NTE1OQ==","这不妥妥的国产Claude Cowork嘛！而且Mac、Win都能用。","http://mp.weixin.qq.com/s?__biz=Mzg5MTU1NTE1OQ==&mid=2247497882&idx=1&sn=9ba34668ab9332595970426615260709&chksm=cfc924a2f8beadb4c66a8bfe04feac4c28b36fcc8098671d535de22878e670926b78a0236f82#rd","2026-01-19 07:09:00"
"NLP工作站","nlp_station","Mzg5MTU1NTE1OQ==","美团LongCat又开源Thinking-2601，这次广度推理扩展，有点意思。。","http://mp.weixin.qq.com/s?__biz=Mzg5MTU1NTE1OQ==&mid=2247497828&idx=1&sn=0318c2a2eb0bc21e2c3d1f2313867cc8&chksm=cfc9245cf8bead4a498fce8765d87fe530f372682d003d960729664676d41fb5b1df32a94825#rd","2026-01-16 09:25:00"
"NLP工作站","nlp_station","Mzg5MTU1NTE1OQ==","DeepSeek OCR的高OCR准确率，全是幻觉？","http://mp.weixin.qq.com/s?__biz=Mzg5MTU1NTE1OQ==&mid=2247497794&idx=1&sn=820565ac5bf503fd907b9281a9e317cd&chksm=cfc9247af8bead6c91e868356d3fd69c0ee7b88cbddd64e45288dc5b22edb7100c77e5c1e28d#rd","2026-01-14 10:46:21"
"NLP工作站","nlp_station","Mzg5MTU1NTE1OQ==","DeepSeek最新开源的Engram，来看论文细节","http://mp.weixin.qq.com/s?__biz=Mzg5MTU1NTE1OQ==&mid=2247497777&idx=1&sn=1057b67ab685590d4fb10d09fc3fee29&chksm=cfc92409f8bead1f82a0c0a190281fcf676e423543ed433ed99fdb9e6c1eab21369a0c671b0d#rd","2026-01-13 01:13:00"
"NLP工作站","nlp_station","Mzg5MTU1NTE1OQ==","Qwen3-VL-Embedding模型开源，来看论文细节！","http://mp.weixin.qq.com/s?__biz=Mzg5MTU1NTE1OQ==&mid=2247497742&idx=1&sn=1450d3fc077327322517c46e4a44ea23&chksm=cfc92436f8bead20774865dcd14e43b456908d41217cba3369e20340cf57400e25187c650333#rd","2026-01-09 01:53:00"
"一枫说码","yifeng_code","MzI2OTg0MjI2Nw==","零基础想要系统学习 Agent，千万别错过这两个开源项目！","http://mp.weixin.qq.com/s?__biz=MzI2OTg0MjI2Nw==&mid=2247486421&idx=1&sn=1491c1668cb503130b02696bcdf19453&chksm=eadb69e1ddace0f76698c4fe2f764be0a7501051121e12507f26752b6a80af771cad47a90155#rd","2026-04-19 22:00:00"
"一枫说码","yifeng_code","MzI2OTg0MjI2Nw==","那些喊着AI 要淘汰你的人，正在靠你的焦虑赚大钱！","http://mp.weixin.qq.com/s?__biz=MzI2OTg0MjI2Nw==&mid=2247486408&idx=1&sn=ee4616188389f565b1442cf307581e27&chksm=eadb69fcddace0ea4ef45dbf8be91618b667121a226b77acc267b7f552e61ec9f69667e23a1d#rd","2026-04-14 11:59:28"
"一枫说码","yifeng_code","MzI2OTg0MjI2Nw==","上下文工程是什么？过时了么？一文讲明白！","http://mp.weixin.qq.com/s?__biz=MzI2OTg0MjI2Nw==&mid=2247486345&idx=1&sn=bf02d128383d4b4b232ab94dcbee7537&chksm=eadb69bdddace0abf3008e6f0bb7a2362b19e55ef27bcc95200720fc2b3a5e89402d0b1c2cf6#rd","2026-04-10 09:38:59"
"一枫说码","yifeng_code","MzI2OTg0MjI2Nw==","200 行 Python 代码，从零手搓极简 Agent，吃透智能体核心原理！","http://mp.weixin.qq.com/s?__biz=MzI2OTg0MjI2Nw==&mid=2247486336&idx=1&sn=7cab71e54e81daa1179df5d65323bb5a&chksm=eadb69b4ddace0a2d54abf8b871e84b4e33df84d4fdab518f155f539e6932b79d488926a2a12#rd","2026-04-01 09:00:00"
"一枫说码","yifeng_code","MzI2OTg0MjI2Nw==","3分钟部署本地大模型，零成本实现 Token 自由！","http://mp.weixin.qq.com/s?__biz=MzI2OTg0MjI2Nw==&mid=2247486324&idx=1&sn=9869a91d5b06611ac50b0e94cc4c32f2&chksm=eadb6940ddace056781e47e5739cc960d38f97d272f69f08e0ab0e9b453ea233608ec236d9b0#rd","2026-03-25 22:03:11"
"折腾技术","zheteng_tech","MzU3NTcxNTE1Mg==","用 Docker 私有化部署 GitHub Actions Runner（Runner Fleet）","http://mp.weixin.qq.com/s?__biz=MzU3NTcxNTE1Mg==&mid=2247488115&idx=1&sn=8b85923fbfa992b467a7c69d5e25c7a6&chksm=fd1fb04cca68395a0b168826ce45267354fd5e482ab95c2ec4bfa4b3ea1649c254ed47c0fe33#rd","2026-02-18 06:40:24"
"折腾技术","zheteng_tech","MzU3NTcxNTE1Mg==","OwlMail：兼容 MailDev 的工程化测试邮箱","http://mp.weixin.qq.com/s?__biz=MzU3NTcxNTE1Mg==&mid=2247488099&idx=1&sn=f96a82b7225d5f8ad5a994f9b43df3e3&chksm=fd1fb05cca68394a321e1fb2cc3d57f37aa09e237355d451c243dc761624c73a4ff0d2f6da2f#rd","2026-01-03 18:11:30"
"折腾技术","zheteng_tech","MzU3NTcxNTE1Mg==","用 Split DNS 提升跨系统双机开发体验","http://mp.weixin.qq.com/s?__biz=MzU3NTcxNTE1Mg==&mid=2247488091&idx=1&sn=b12cd8bc6379928d0583653255a6885e&chksm=fd1fb064ca683972cd8b718e064568291fd7589ebc7d963a3ab2b131bfc5195a3b4beaac2ce0#rd","2026-01-03 02:42:34"
"阿里通义实验室","tongyi_lab","MzkxMTYyMTAzNA==","Qwen3.6-27B：无需MoE路由，旗舰级编程能力","http://mp.weixin.qq.com/s?__biz=MzkxMTYyMTAzNA==&mid=2247500875&idx=1&sn=ea2da11046945fe0aa4c35913ae7521b&chksm=c11bea8ef66c639801eda73f9fc3371a87fa0479bf50b4723a3ca79176950ee9f2ccecc07704#rd","2026-04-22 10:00:00"
"阿里通义实验室","tongyi_lab","MzkxMTYyMTAzNA==","我的 Agent 又乱调工具了！","http://mp.weixin.qq.com/s?__biz=MzkxMTYyMTAzNA==&mid=2247500800&idx=1&sn=a1b111c769b6368539241756b5dd54eb&chksm=c11beac5f66c63d30b9e7a7a77e7bc66b359821704049543a015358f7eae04a2841a4047a880#rd","2026-04-21 06:22:03"
"阿里通义实验室","tongyi_lab","MzkxMTYyMTAzNA==","敢不敢用家乡话测试这个 AI？","http://mp.weixin.qq.com/s?__biz=MzkxMTYyMTAzNA==&mid=2247500720&idx=1&sn=7db35aecd2c3a8b744e4995ec1b0ab4d&chksm=c11bed75f66c64639c96833988183e7ed005b01d7478e69a4126259f2a3140795eb60b310c1e#rd","2026-04-20 03:01:57"
"阿里通义实验室","tongyi_lab","MzkxMTYyMTAzNA==","Qwen3.6-35B-A3B 开源！","http://mp.weixin.qq.com/s?__biz=MzkxMTYyMTAzNA==&mid=2247500654&idx=1&sn=b390173e5e398e1525986a02fe6a51af&chksm=c11bedabf66c64bd2b65614ed0b0a6f5e9aaabee4578fc1c28eef2c17ff69f8fa187e1e26c48#rd","2026-04-16 10:22:14"
"阿里通义实验室","tongyi_lab","MzkxMTYyMTAzNA==","5句AI时代的心里话，哪句戳中了你？","http://mp.weixin.qq.com/s?__biz=MzkxMTYyMTAzNA==&mid=2247500622&idx=1&sn=300375d93d718e40a534c2233ddc4f8b&chksm=c11bed8bf66c649d2d253e1e96476763a8c8e819c2fcfc2ca77dd7e61ae1a9a155298c0085c3#rd","2026-04-10 04:50:56"
"阿里通义实验室","tongyi_lab","MzkxMTYyMTAzNA==","Qwen3.5 开源家族扩容！","http://mp.weixin.qq.com/s?__biz=MzkxMTYyMTAzNA==&mid=2247499782&idx=1&sn=617ed5d686a55dec25e89ce53766ba29&chksm=c11beec3f66c67d50fef987c68faad4f637cf2f18b655d43e08f40ca055ca3ad17a8c02ca6fa#rd","2026-02-24 21:18:52"
"阿里通义实验室","tongyi_lab","MzkxMTYyMTAzNA==","Qwen3.5：更少激活参数，更强智能体能力","http://mp.weixin.qq.com/s?__biz=MzkxMTYyMTAzNA==&mid=2247499732&idx=1&sn=6620381432637315db539081c742c4a6&chksm=c11bd111f66c580762826b8b3af9f2d7c1a762d6aa09d3eb04a6113043dc863099dbac8be321#rd","2026-02-16 05:49:36"
"阿里通义实验室","tongyi_lab","MzkxMTYyMTAzNA==","CoPaw发布：即刻加载你的专属智能搭档","http://mp.weixin.qq.com/s?__biz=MzkxMTYyMTAzNA==&mid=2247499666&idx=1&sn=e3a63c1f43bd978011ece34ae549df22&chksm=c11bd157f66c5841e530437bdb67ab9db5f3b401ca93c81c2398b3fa9a226d5c3b95823f0df4#rd","2026-02-13 21:30:00"
"阿里通义实验室","tongyi_lab","MzkxMTYyMTAzNA==","可复用的Skill封装实践：当OpenClaw接入通义晓蜜外呼","http://mp.weixin.qq.com/s?__biz=MzkxMTYyMTAzNA==&mid=2247499613&idx=1&sn=cffbdc450e8ba0005545e27ae636c9e4&chksm=c11bd198f66c588efe11d4cbfb9814d7642b298dfcc393dceda409bfefb5cd2759a10ec85e7b#rd","2026-02-12 05:24:29"
"阿里通义实验室","tongyi_lab","MzkxMTYyMTAzNA==","如何让 AI 用“温柔但坚定”的语气说话？","http://mp.weixin.qq.com/s?__biz=MzkxMTYyMTAzNA==&mid=2247499528&idx=1&sn=6d24bdfdcc6947bae38c006418ef6b9d&chksm=c11bd1cdf66c58db8ef1796944c51eb41852904a003ba1a3805a89f880d29071b12af064df0a#rd","2026-02-05 07:00:12"
"海滨code","haibin_code","MzYzODc4ODc2NQ==","Hermes Agent 一周暴涨五万 Star，但我劝你别急着追","http://mp.weixin.qq.com/s?__biz=MzYzODc4ODc2NQ==&mid=2247483748&idx=1&sn=ff3bb3329a2777f3c2cb84502dc6dd69&chksm=f0dd3496c7aabd80271164eaa5ae854e7ac4ad3a6959f5ec3a5046d30386e749327fb3db7c81#rd","2026-04-16 11:33:30"
"海滨code","haibin_code","MzYzODc4ODc2NQ==","受够了Vibe Coding的失控？换个起点，让AI事半功倍","http://mp.weixin.qq.com/s?__biz=MzYzODc4ODc2NQ==&mid=2247483739&idx=1&sn=f88661901639f79abd42e14033fd341f&chksm=f0dd34a9c7aabdbf35d3d8560bc81852529d35002124dd8f6dcaad91c32fe9b54bb19470c41e#rd","2026-04-12 06:03:50"
"海滨code","haibin_code","MzYzODc4ODc2NQ==","写了10年代码的人，在AI编程时代反而最值钱——但前提是你得让AI知道你有什么","http://mp.weixin.qq.com/s?__biz=MzYzODc4ODc2NQ==&mid=2247483730&idx=1&sn=3649fb4fac0f3610f7f26fee4b0953a0&chksm=f0dd34a0c7aabdb6ff3cea870ee046e179190ba2440b26773f1dd9354d89a7ceb0efe96cad6a#rd","2026-04-02 09:46:01"
"海滨code","haibin_code","MzYzODc4ODc2NQ==","我让 Claude 和 Codex 同时审计 26 个模块，它们只在 10 个上达成共识","http://mp.weixin.qq.com/s?__biz=MzYzODc4ODc2NQ==&mid=2247483712&idx=1&sn=7a1246633154b9ccde4423ec4379c73d&chksm=f0dd34b2c7aabda46686f88ae0396441ad3acec08c0adaa04e1426674a29c99399c6f43eae0b#rd","2026-03-27 05:17:48"
"海滨code","haibin_code","MzYzODc4ODc2NQ==","把近5万个源文件喂给AI之前，我先做了一件事","http://mp.weixin.qq.com/s?__biz=MzYzODc4ODc2NQ==&mid=2247483704&idx=1&sn=56549e9dccf4d6afe5a322b33a301f80&chksm=f0dd34cac7aabddcdb1ce4f08c783b78590264933ec2de562ba737b632003923e81e8a6fb717#rd","2026-03-24 23:37:52"
"夕小瑶科技说","xixiaoyao","MzIwNzc2NTk0NQ==","理想同学 MindDR 1.5 发布：多智能体强化学习加持，深度研究更可靠","http://mp.weixin.qq.com/s?__biz=MzIwNzc2NTk0NQ==&mid=2247616527&idx=1&sn=cacd4942d53244d413c104a70991390b&chksm=970e20d9a079a9cfb3249d2ea4cddbc58a92d514587f38cb51b82c24dac168038c9122223827#rd","2026-04-23 02:29:08"
"夕小瑶科技说","xixiaoyao","MzIwNzc2NTk0NQ==","实测OpenRouter黑马模型，批量任务秒级响应，成本只有GPT-5.4-mini的1/10","http://mp.weixin.qq.com/s?__biz=MzIwNzc2NTk0NQ==&mid=2247616459&idx=1&sn=e82d79ad19256384e3ba1ec2e33441f7&chksm=970e2f1da079a60bda8f37eb405ae3a55ce8cb20c08406519e78b32153a6509ce8682ea59cd6#rd","2026-04-22 00:18:54"
"夕小瑶科技说","xixiaoyao","MzIwNzc2NTk0NQ==","刚刚，GPT-5.5 的风声突然传开了","http://mp.weixin.qq.com/s?__biz=MzIwNzc2NTk0NQ==&mid=2247616426&idx=1&sn=32989f0a58ae81b91f3e4e7e8170005b&chksm=970e2f7ca079a66a0d835480e535f0937b3e9153b0735381d2d5df61033f86d8211b4ac6041c#rd","2026-04-20 07:37:08"
"夕小瑶科技说","xixiaoyao","MzIwNzc2NTk0NQ==","刚刚，Claude Opus 4.7 发布！复杂Coding+视觉能力显著升级","http://mp.weixin.qq.com/s?__biz=MzIwNzc2NTk0NQ==&mid=2247616410&idx=1&sn=059e9f11bf21dc1a3b2ae05829ceb6f5&chksm=970e2f4ca079a65abe3b37c414239f2f771c313de1e8634ed3dc1f197ec736346fca0a842072#rd","2026-04-16 13:22:18"
"夕小瑶科技说","xixiaoyao","MzIwNzc2NTk0NQ==","Claude Code一夜重构，上线 Routines，现在关机也能修bug干活了","http://mp.weixin.qq.com/s?__biz=MzIwNzc2NTk0NQ==&mid=2247616372&idx=1&sn=06e2509429ba4b99d009738be92dad52&chksm=970e2fa2a079a6b46bae2635c1dc33e271d79c603bdb55b8b24c07326349edcf19218e52b522#rd","2026-04-15 03:56:12"
"夕小瑶科技说","xixiaoyao","MzIwNzc2NTk0NQ==","黄仁勋发布万字长文：AI是一个五层蛋糕，万亿建设量还在后面","http://mp.weixin.qq.com/s?__biz=MzIwNzc2NTk0NQ==&mid=2247615417&idx=1&sn=e2733148dfe6d762b3b221349cbb3222&chksm=970e2b6fa079a279ffc0afa2044496265a48d6961545aa6c0686515830d129e28593de6ccbc1#rd","2026-03-12 06:44:09"
"夕小瑶科技说","xixiaoyao","MzIwNzc2NTk0NQ==","马斯克直言“奇点降临”：卡帕西让AI自己研究LLM，两天后训练时间暴砍11%","http://mp.weixin.qq.com/s?__biz=MzIwNzc2NTk0NQ==&mid=2247615417&idx=2&sn=922736582d33627ac613bb50a104e6a3&chksm=970e2b6fa079a279dc8a894cffc1032ccbd8113b68188cddb591580343736c340bc69f03970e#rd","2026-03-12 06:44:09"
"夕小瑶科技说","xixiaoyao","MzIwNzc2NTk0NQ==","21 岁大学生靠 Vibe Coding，卷上 GitHub 热榜第一，10天拿到3000万投资","http://mp.weixin.qq.com/s?__biz=MzIwNzc2NTk0NQ==&mid=2247615388&idx=1&sn=f250e49959a0d377b980f1851392daf6&chksm=970e2b4aa079a25c586d8f28e21a840bc3ea3d00e17e792f631593ecd215e353d1074d867eb4#rd","2026-03-10 23:00:00"
"夕小瑶科技说","xixiaoyao","MzIwNzc2NTk0NQ==","我用Claude code开发了一个微信小程序：实测78个skills，这5个组合最香","http://mp.weixin.qq.com/s?__biz=MzIwNzc2NTk0NQ==&mid=2247615347&idx=1&sn=46c21532edd761430e44bd9416c0fa3d&chksm=970e2ba5a079a2b38b1996b4e0c9791986429fb56abb2db8a1377df1a2582423b8c628e260c9#rd","2026-03-10 03:39:54"
"夕小瑶科技说","xixiaoyao","MzIwNzc2NTk0NQ==","GPT-5.4 到底变强了多少？三大核心能力+电脑操控Codex上手实测！","http://mp.weixin.qq.com/s?__biz=MzIwNzc2NTk0NQ==&mid=2247615317&idx=1&sn=a33ad9b947bca2bd5b1c0833341a9ce9&chksm=970e2b83a079a2954756390075f01edaaed6154c62079766a73aba6099847edf408a1e6ac6dd#rd","2026-03-09 03:54:41"
"夕小瑶科技说","xixiaoyao","MzIwNzc2NTk0NQ==","图灵奖得主Don Knuth发论文致谢Claude","http://mp.weixin.qq.com/s?__biz=MzIwNzc2NTk0NQ==&mid=2247615277&idx=1&sn=c998df95bc15823468348a521525eaad&chksm=970e2bfba079a2eda90025be1a3839a17feb9ee4c78dff05165b65c816c395b1a45fc9851686#rd","2026-03-05 04:18:32"
"夕小瑶科技说","xixiaoyao","MzIwNzc2NTk0NQ==","卡帕西最新预言：程序员正在分裂成两个物种","http://mp.weixin.qq.com/s?__biz=MzIwNzc2NTk0NQ==&mid=2247614532&idx=1&sn=a8df5cb84f9dbdd3d00dd8e801c173e5&chksm=970e2892a079a184e15857e928b1b3040f30d1364a13e9d2912333228717486e86312cf1e0d4#rd","2026-01-28 10:45:34"
"夕小瑶科技说","xixiaoyao","MzIwNzc2NTk0NQ==","怎么用上一夜爆火的Clawdbot，详细配置教程","http://mp.weixin.qq.com/s?__biz=MzIwNzc2NTk0NQ==&mid=2247614483&idx=1&sn=29714f7204c39eb28cca3ba99d0b9f18&chksm=970e28c5a079a1d3d5215f58d86466b58c4abfd3983f41a6058b8237246192cbc4888936252e#rd","2026-01-27 04:40:04"
"夕小瑶科技说","xixiaoyao","MzIwNzc2NTk0NQ==","推荐一个Claude Code的神级开源项目","http://mp.weixin.qq.com/s?__biz=MzIwNzc2NTk0NQ==&mid=2247614435&idx=1&sn=4a4c0efaa1681d7cc1d8e3f4fda42a87&chksm=970e1735a0799e23e06774a27fe62509c8c655cd3728d8a355c3ccc0b8c13bb5d114454c243b#rd","2026-01-23 03:24:18"
"夕小瑶科技说","xixiaoyao","MzIwNzc2NTk0NQ==","马斯克劝退 ChatGPT的真相，刚刚被Anthropic曝光了","http://mp.weixin.qq.com/s?__biz=MzIwNzc2NTk0NQ==&mid=2247614423&idx=1&sn=fd2fe2407caa10e0282e68908e4d25f0&chksm=970e1701a0799e1704fad7a87907dc176241d555c4fe1714de066a2fd11ccca085d66ae3b353#rd","2026-01-21 23:30:00"
"夕小瑶科技说","xixiaoyao","MzIwNzc2NTk0NQ==","大模型时代，为什么工业界还在疯狂用 YOLO？算完这笔账，我沉默了","http://mp.weixin.qq.com/s?__biz=MzIwNzc2NTk0NQ==&mid=2247614396&idx=1&sn=687731dc8763a777737b93e0f01fa3a4&chksm=970e176aa0799e7ce930fcc6d2d186809104e5bebe07dfdf74188948cdfc719f490719134089#rd","2026-01-20 21:30:00"
"智猩猩","zhixingxing","MjM5ODExNDA2MA==","GPTs基本已死！OpenAI推出Workspace Agents，一键生成可团队共享智能体","http://mp.weixin.qq.com/s?__biz=MjM5ODExNDA2MA==&mid=2450005319&idx=1&sn=46f6177251e607ff57aae3f2671fcdba&chksm=b1331b2486449232fee8fe6e9664e15dd52f10352d675a8470a8f143d96a71cb382061050a41#rd","2026-04-23 06:18:34"
"智猩猩","zhixingxing","MjM5ODExNDA2MA==","3DGS编辑新范式！浙大联合哈佛提出TRACE方法，融合视频扩散与显式3D几何先验","http://mp.weixin.qq.com/s?__biz=MjM5ODExNDA2MA==&mid=2450005206&idx=1&sn=ecb742f6391324dcd9ea5e1e804c36d6&chksm=b1331ab5864493a3a857991942313dc44746b10ef1239139fd475a1830356a24cb778982fdd5#rd","2026-04-22 02:08:12"
"智猩猩","zhixingxing","MjM5ODExNDA2MA==","Power BI等传统BI工具要凉？Claude Work甩出杀手级更新，一句话生成持久实时仪表板","http://mp.weixin.qq.com/s?__biz=MjM5ODExNDA2MA==&mid=2450005205&idx=1&sn=2659ecf6dbeff81b4ee13ac557d7f73d&chksm=b1331ab6864493a059023b25a73a78228b0af49ee367e4044f18d77f94fafa40dc0e9e10e279#rd","2026-04-21 09:23:43"
"智猩猩","zhixingxing","MjM5ODExNDA2MA==","媲美OpenAI Deep Research！阿里通义提出智能体模型持续预训练范式，并开源AgentFounder-30B","http://mp.weixin.qq.com/s?__biz=MjM5ODExNDA2MA==&mid=2450005137&idx=1&sn=399a9944eb173aa69aadde2b7296b7b0&chksm=b1331af2864493e4a9d2eb757ebfb0308589af27b12396c59c6455014022992555532fe03bb1#rd","2026-04-19 23:15:32"
"智猩猩","zhixingxing","MjM5ODExNDA2MA==","自动化科研新突破！中科大开源学术智能体与科研Skills管理平台，技能可无缝接入Claude Code","http://mp.weixin.qq.com/s?__biz=MjM5ODExNDA2MA==&mid=2450005127&idx=1&sn=f1d6b7338a15cd7210acb8a4da80e585&chksm=b1331ae4864493f22e225b8be7f32393a15d3a73509dd92eefc79f551bb7df9ae24ae11cf999#rd","2026-04-19 00:59:51"
"智猩猩","zhixingxing","MjM5ODExNDA2MA==","GRPO统一多模态！字节Seed提出统一RL框架UniGRPO，让推理真正驱动视觉生成","http://mp.weixin.qq.com/s?__biz=MjM5ODExNDA2MA==&mid=2450003905&idx=1&sn=addeeb8b47762595190bb3aefd03c79d&chksm=b13311a2864498b4f107bb23cb8055a785834314eb4b835ca64c4757e1c901d210c3c909716b#rd","2026-04-01 23:43:00"
"智猩猩","zhixingxing","MjM5ODExNDA2MA==","自杀式源码泄露持续发酵！独立开发者AI重写开源版Claude Code，2小时5万星破Github纪录","http://mp.weixin.qq.com/s?__biz=MjM5ODExNDA2MA==&mid=2450003883&idx=1&sn=3c9e5801f441763c42bdfb8094ac8264&chksm=b13311c8864498de757361ddd0212a9a41d8d4e9242147d29a6b43f055031df602a5a873b7f2#rd","2026-04-01 04:35:47"
"智猩猩","zhixingxing","MjM5ODExNDA2MA==","智能体Skill生成新范式！阿里Qwen提出自动生成框架，演化的技能可跨模型迁移泛化","http://mp.weixin.qq.com/s?__biz=MjM5ODExNDA2MA==&mid=2450003754&idx=1&sn=ca96b998d7de0cfe0b14bd8805849d4f&chksm=b13311498644985fe7b815dfdbc498b53ea17a592fa13e62afb04508fff934b6adc35136a2a4#rd","2026-03-30 23:15:25"
"智猩猩","zhixingxing","MjM5ODExNDA2MA==","从Vibe Coding到Vibe Graphing！北邮联合开源多智能体编排新范式MASFactory，支持可视化调试","http://mp.weixin.qq.com/s?__biz=MjM5ODExNDA2MA==&mid=2450003739&idx=1&sn=852809884a140cf6aa5ca619486fb56e&chksm=b13311788644986ea26968260ba76c2fa91a24682a5428efa7487a1d13b578b082d55373cd3b#rd","2026-03-30 05:19:52"
"智猩猩","zhixingxing","MjM5ODExNDA2MA==","华为智谱阶跃星辰齐聚！生成式AI大会进展揭晓，OpenClaw世界模型AI记忆三场研讨会嘉宾更新","http://mp.weixin.qq.com/s?__biz=MjM5ODExNDA2MA==&mid=2450003676&idx=1&sn=97276b07612660a524af6d5e87be18dd&chksm=b13310bf864499a9b12fedc0c898601e78302d56f68e851c9d30dde73407bf39ee5f939cc07c#rd","2026-03-29 09:15:00"
"智猩猩","zhixingxing","MjM5ODExNDA2MA==","5天暴涨26.5k Star！AI大神Karpathy开源自动科研神器，AI智能体通宵自主跑实验改代码","http://mp.weixin.qq.com/s?__biz=MjM5ODExNDA2MA==&mid=2450002695&idx=1&sn=0fb8013b4b909b727fd71e9ac61786cd&chksm=b133156486449c72c77b379cd4508d29f395b406016ea0effb4a8466c1d94ae3a73517d6b971#rd","2026-03-12 03:15:40"
"智猩猩","zhixingxing","MjM5ODExNDA2MA==","谷歌炸场！Gemini Embedding 2把五种模态塞进同一向量空间，Agent跨模态大脑来了","http://mp.weixin.qq.com/s?__biz=MjM5ODExNDA2MA==&mid=2450002542&idx=1&sn=f08f6956beb24a6e4f09fffa1305ba74&chksm=b133140d86449d1b8f421935fd50e11d5f454d711ef77e9eaf8136effd21c45c69cb4d8ac4fa#rd","2026-03-11 02:30:35"
"智猩猩","zhixingxing","MjM5ODExNDA2MA==","中科院自动化所李浩然主讲具身VLA强化学习后训练 | 2026智猩猩公开课Live","http://mp.weixin.qq.com/s?__biz=MjM5ODExNDA2MA==&mid=2450002542&idx=2&sn=3c043974d716c8890c8848ecd5936189&chksm=b133140d86449d1be35c50d020235b14e4485651a738640a1cbaafcd120a11e35b745353928e#rd","2026-03-11 02:30:35"
"智猩猩","zhixingxing","MjM5ODExNDA2MA==","超越GRPO！清华联合滴滴提出大模型RL新范式STAPO，首创虚假词元剔除机制","http://mp.weixin.qq.com/s?__biz=MjM5ODExNDA2MA==&mid=2450002468&idx=1&sn=da1b195561ce4c9dba9674e0e2a48a11&chksm=b133144786449d51588820bc521f3b8ea1abad3cb5cbba35b6123cbe0648bc0236f88c7b863a#rd","2026-03-10 05:08:39"
"智猩猩","zhixingxing","MjM5ODExNDA2MA==","OpenClaw最强轻量平替负责人领衔！中国生成式AI大会首批嘉宾揭晓，特设龙虾技术研讨会","http://mp.weixin.qq.com/s?__biz=MjM5ODExNDA2MA==&mid=2450002349&idx=1&sn=9e28caa2897140b616e56d9e11801ea1&chksm=b13317ce86449ed8983caf74ec343d7d12e4f0c9c890c3bc3ce053a115d22d9e5462ff966138#rd","2026-03-07 22:58:16"
"智猩猩","zhixingxing","MjM5ODExNDA2MA==","暴涨 8.3k Stars！Hugging Face官方开源Skills，让Claude Code一句话完成70B模型GRPO训练","http://mp.weixin.qq.com/s?__biz=MjM5ODExNDA2MA==&mid=2450002328&idx=1&sn=d384ad2b23bb3547fa438e1d51e3c2f4&chksm=b13317fb86449eedbf872db782003c625148a86a79873f5cb104391520e9c3aff0dbd9cfc5cf#rd","2026-03-06 22:48:00"
"智猩猩","zhixingxing","MjM5ODExNDA2MA==","超越GR00T-N1.6！阿里高德提出机器人操作VLA模型ABot-M0，并开源600万+轨迹统一操作数据集","http://mp.weixin.qq.com/s?__biz=MjM5ODExNDA2MA==&mid=2450001666&idx=1&sn=1585b142e65631800c60b725f3b2a735&chksm=b13309618644807714be7e72b9a520fe435f03da4bede365fa993d278bc11cfe834e99d374b7#rd","2026-02-15 19:48:04"
"智猩猩","zhixingxing","MjM5ODExNDA2MA==","聊聊OpenClaw的AgentLoop","http://mp.weixin.qq.com/s?__biz=MjM5ODExNDA2MA==&mid=2450001665&idx=1&sn=428ea4bc92a80db944a9f2e034da31f3&chksm=b13309628644807455b72a8e75958a0e2152bb40afc8d802ed6bf7bed73b0a67e71af3869def#rd","2026-02-17 22:00:00"
"智猩猩","zhixingxing","MjM5ODExNDA2MA==","历时两个月的GRPO 训练踩坑实录：63% -> 96% tool selection","http://mp.weixin.qq.com/s?__biz=MjM5ODExNDA2MA==&mid=2450001664&idx=1&sn=968ac5c80b37b682864719f804fa27b6&chksm=b133096386448075bbc87c91ee3ff6b2e2beebdf67269980e6510041a6e464e5fcdb6896ebe1#rd","2026-02-16 20:30:00"
"智猩猩","zhixingxing","MjM5ODExNDA2MA==","开源3500个“世界”给智能体练级！加州大学&AMD提出终端智能体数据生成框架，32B模型超o4-mini Codex组合","http://mp.weixin.qq.com/s?__biz=MjM5ODExNDA2MA==&mid=2450001662&idx=1&sn=7e6a8c680d52418f46ec20286b215472&chksm=b133089d8644818b2c16d19eba4dd67d845194325bcaf7bf1eb72fab33f525c8bbf502c041ca#rd","2026-02-14 22:00:00"
"智猩猩","zhixingxing","MjM5ODExNDA2MA==","Deep Research准确率暴涨40%！腾讯AI Lab提出冥想盆范式，让LLM学会操纵记忆的魔法","http://mp.weixin.qq.com/s?__biz=MjM5ODExNDA2MA==&mid=2450001661&idx=1&sn=d8e3b59ee268ae9f7f4d09ea255a31e7&chksm=b133089e86448188d664826f463ca64d8fc08adb9abbcad3f514708f48a7fa1f1f07a8547ae0#rd","2026-02-13 22:26:24"
"智猩猩","zhixingxing","MjM5ODExNDA2MA==","7.2k Stars！Claude Skills功能安装神器OpenSkills开源，无缝接入所有编程智能体","http://mp.weixin.qq.com/s?__biz=MjM5ODExNDA2MA==&mid=2450000635&idx=1&sn=123e8c59bd5176f38d58e459bf65f99a&chksm=b1330c988644858e4a39a58aa2ec5df72866258b09a7586d760fda8bf7f2c78368e4525e69da#rd","2026-01-28 05:00:56"
"智猩猩","zhixingxing","MjM5ODExNDA2MA==","专项性能远超GRPO！阿里通义开源开放域智能体RL范式ArenaRL，已在高德地图多个业务场景验证","http://mp.weixin.qq.com/s?__biz=MjM5ODExNDA2MA==&mid=2450000545&idx=1&sn=57cfc93c37ab0f74de2741df0b82067f&chksm=b1330cc2864485d4135c8a494fdb2b9437b735172592ace05e716c9bdac0e48ffccb747a5881#rd","2026-01-27 02:15:56"
"智猩猩","zhixingxing","MjM5ODExNDA2MA==","超过所有一步蒸馏！NVIDIA提出视频扩散模型新蒸馏范式，让通义Wan 2.1 14B一步生成视频","http://mp.weixin.qq.com/s?__biz=MjM5ODExNDA2MA==&mid=2450000526&idx=1&sn=66879a9092b4322d796a0bbf5b5193d5&chksm=b1330ced864485fb9ae0fc519a6af60502a20c7c0c3281d4a5db4f7373bb4aceca7526ad9d36#rd","2026-01-26 07:12:57"
"智猩猩","zhixingxing","MjM5ODExNDA2MA==","HBM占用直降5倍！华为提出内存高效型位置无关缓存技术MEPIC，无需对LLM进行任何修改","http://mp.weixin.qq.com/s?__biz=MjM5ODExNDA2MA==&mid=2450000467&idx=1&sn=21d92dfd333d6c79ccc3c57616f7ba01&chksm=b1330c3086448526782fddd4e2f3a48307ee6588612ccf18570524ed42f91d86515f0f5d77e9#rd","2026-01-23 21:28:37"
"智猩猩","zhixingxing","MjM5ODExNDA2MA==","34k Star！Claude skills项目superpowers开源，让智能体写出工程规范级代码","http://mp.weixin.qq.com/s?__biz=MjM5ODExNDA2MA==&mid=2450000452&idx=1&sn=dc96a5901beb407cefb43d53f01573e1&chksm=b1330c27864485315a9352dd7e520b06409d301a60a286618139461a4d8e00adfc2a118e4180#rd","2026-01-23 06:00:37"
"智猩猩","zhixingxing","MjM5ODExNDA2MA==","重塑语言智能体环境构建！普林斯顿王梦迪团队提出Web世界模型概念","http://mp.weixin.qq.com/s?__biz=MjM5ODExNDA2MA==&mid=2449999465&idx=1&sn=a1a0c908514250cfdf07c75e62c09946&chksm=b133000a8644891c8addc565c6acd2dc07baf48574cd75f42e0cf9524c392084160276cd3868#rd","2026-01-06 05:54:39"
"智猩猩","zhixingxing","MjM5ODExNDA2MA==","MoE模型训练新突破！字节Seed团队提出专家-路由器耦合损失，控制并追踪专家专业化水平","http://mp.weixin.qq.com/s?__biz=MjM5ODExNDA2MA==&mid=2449999330&idx=1&sn=0772a6ce8acde8a9594c595d7947de5c&chksm=b133038186448a979011ca2ff479f1c7806227d9a8f233509b953309930fab70e0627d538817#rd","2026-01-05 05:36:24"
"智猩猩","zhixingxing","MjM5ODExNDA2MA==","超越字节DAPO！美团联合提出强化学习新范式AWPO，实现LLM工具调用能力SOTA","http://mp.weixin.qq.com/s?__biz=MjM5ODExNDA2MA==&mid=2449999085&idx=1&sn=9b9ca1c63cdd5c7294605edf2e67ab8d&chksm=b133028e86448b98cdfcaf43995c585d9534487499f1b23d5cc4a39f7e57ee2fc6555ccdbd18#rd","2026-01-04 05:39:03"
"智猩猩","zhixingxing","MjM5ODExNDA2MA==","对比DeepSeek-V3.2、BAPO与SAPO！LLM离策略RL降低负样本影响探析","http://mp.weixin.qq.com/s?__biz=MjM5ODExNDA2MA==&mid=2449999022&idx=1&sn=beb6306cedc779e92442c5e44c8ac4ff&chksm=b13302cd86448bdbe6a1996e54a9dfcefe0572c42d44ed724a23f35a3556ab23ec146a20a7f5#rd","2026-01-02 20:00:00"
"智猩猩","zhixingxing","MjM5ODExNDA2MA==","初探MOE-RL训推一致性","http://mp.weixin.qq.com/s?__biz=MjM5ODExNDA2MA==&mid=2449998977&idx=1&sn=20f044c6393178814637f9ef5f544ac8&chksm=b13302e286448bf4347dadbdbe85dfd9bbd49ad03a769e149270229fa9144340fd5eaac9512a#rd","2026-01-01 19:11:00"
"阮一峰的网络日志","ruanyifeng","MzI4NjAxNjY4Nw==","科技爱好者周刊#393：脑腐状态","http://mp.weixin.qq.com/s?__biz=MzI4NjAxNjY4Nw==&mid=2650244575&idx=1&sn=72084f851adaa1d181c93c051f33cc33&chksm=f3e0701fc497f909cc840d59082d821bc643c28141f49544598a746d845db7fc758f16df2389#rd","2026-04-16 20:44:21"
"阮一峰的网络日志","ruanyifeng","MzI4NjAxNjY4Nw==","科技爱好者周刊#392：axios 投毒与好莱坞式骗术","http://mp.weixin.qq.com/s?__biz=MzI4NjAxNjY4Nw==&mid=2650244540&idx=1&sn=15140a28f01e1d7a6a9e26e67cf32e5a&chksm=f3e0707cc497f96a6af23344b6b39afe07b6561b5031bc195f3b76fb591b883c82fad05e18fc#rd","2026-04-09 21:01:21"
"阮一峰的网络日志","ruanyifeng","MzI4NjAxNjY4Nw==","科技爱好者周刊#391：AI 的贫富分化","http://mp.weixin.qq.com/s?__biz=MzI4NjAxNjY4Nw==&mid=2650244456&idx=1&sn=d76c697781d5070b20d4eef1966bb90e&chksm=f3e070a8c497f9beac21cc3647343e2122ad915d9e47efcd1c7b095a95018a68740070cf329f#rd","2026-04-02 21:24:20"
"阮一峰的网络日志","ruanyifeng","MzI4NjAxNjY4Nw==","科技爱好者周刊#390：没有语料，大模型就是智障","http://mp.weixin.qq.com/s?__biz=MzI4NjAxNjY4Nw==&mid=2650244417&idx=1&sn=2b7cdcfbf482fa4ea361e9c777102af7&chksm=f3e07081c497f9973e666f55cc3f03d59604413e422fa7c0d8521caadc51db60641d1f57d451#rd","2026-03-26 21:20:00"
"阮一峰的网络日志","ruanyifeng","MzI4NjAxNjY4Nw==","套壳中国大模型撑起500亿美元估值？扒一扒 Cursor 的“套壳”疑云","http://mp.weixin.qq.com/s?__biz=MzI4NjAxNjY4Nw==&mid=2650244374&idx=1&sn=37995be9fe197fc4adcfde622f621b7f&chksm=f3e070d6c497f9c06d07b3e9026403799d51454f15c647223ddf609c38886cdd7775af1fc136#rd","2026-03-21 07:23:02"
"阮一峰的网络日志","ruanyifeng","MzI4NjAxNjY4Nw==","字节 TRAE 年度报告：AI 编程加速，下半年是上半年的七倍","http://mp.weixin.qq.com/s?__biz=MzI4NjAxNjY4Nw==&mid=2650243029&idx=1&sn=bdff5f90d3e35bcfe8c03391c4590557&chksm=f3e08a15c49703031461fc04f5ac4900193122cee12fd1a1c51b5e867e7c903ae5a0714c1040#rd","2025-12-27 08:22:00"
"阮一峰的网络日志","ruanyifeng","MzI4NjAxNjY4Nw==","科技爱好者周刊#379：《硅谷钢铁侠》摘录","http://mp.weixin.qq.com/s?__biz=MzI4NjAxNjY4Nw==&mid=2650242977&idx=1&sn=5010788fb33064b71b2f4e771a75a209&chksm=f3e08a61c49703770d3618f72a0d0222efe9aed46f7d15f53839b134d232ecea91120680c7a7#rd","2025-12-25 20:05:38"
"PaperWeekly","paperweekly","MzIwMTc4ODE0Mw==","“蒸馏”学术大牛后，我的论文直接把导师看傻了","http://mp.weixin.qq.com/s?__biz=MzIwMTc4ODE0Mw==&mid=2247719816&idx=1&sn=64cc2109c27ed53d934a4c39a3aa11de&chksm=96e54408a192cd1e231411aedd6298161be71f492d1a957d876bbc213f45dc55b5e0d3679086#rd","2026-04-22 03:31:44"
"PaperWeekly","paperweekly","MzIwMTc4ODE0Mw==","Advanced Science 2026青年科学家创新奖开放申请","http://mp.weixin.qq.com/s?__biz=MzIwMTc4ODE0Mw==&mid=2247719816&idx=2&sn=b0e44fb82f8592d04496e681f55061c9&chksm=96e54408a192cd1e619e8fe0c29db96e9a2b0e67cdfaac2b2e143d6a27a1ba4132a20f5f14ee#rd","2026-04-22 03:31:44"
"PaperWeekly","paperweekly","MzIwMTc4ODE0Mw==","北京内推 | 阿里通义实验室对话智能团队招聘大模型研究型实习生","http://mp.weixin.qq.com/s?__biz=MzIwMTc4ODE0Mw==&mid=2247719816&idx=3&sn=724d52ae1cf732dbab25c9781cfce5f8&chksm=96e54408a192cd1e472b2bd4fe41a41d1bd9ab8f39acfcbdfb080ffa0fcb863e63087036b28d#rd","2026-04-22 03:31:44"
"PaperWeekly","paperweekly","MzIwMTc4ODE0Mw==","加问号中稿率45%？ICLR五年「易中词」盘点，细分领域从拉到夯","http://mp.weixin.qq.com/s?__biz=MzIwMTc4ODE0Mw==&mid=2247719786&idx=1&sn=f980a14ea00ec9eda58a46b2e5d62add&chksm=96e544eaa192cdfc35713929d840b05d0e2f1eef8ec434471d300c668f14304ad2ec6ef5d2c3#rd","2026-04-21 04:09:18"
"PaperWeekly","paperweekly","MzIwMTc4ODE0Mw==","大规模智能体网络如何真正扩展？一篇综述梳理拓扑、记忆与动态更新","http://mp.weixin.qq.com/s?__biz=MzIwMTc4ODE0Mw==&mid=2247719786&idx=2&sn=99c10ea73691a3cca7622c5c4fd4fe2f&chksm=96e544eaa192cdfcfd231d1a2075b281d5eb616b37250f21db5f9edb6be25fdb0d420b4d96dc#rd","2026-04-21 04:09:18"
"PaperWeekly","paperweekly","MzIwMTc4ODE0Mw==","大模型开始“懂你”了！PersonaVLM如何实现长期个性化记忆","http://mp.weixin.qq.com/s?__biz=MzIwMTc4ODE0Mw==&mid=2247719707&idx=1&sn=3fa9c5c102b06ff91b66c9c50b3173ef&chksm=96e5449ba192cd8ddbb1a281254c44f9e58084eff8ee8cdb7436897ed62b6847b1b8b5bfa06f#rd","2026-04-20 01:31:36"
"PaperWeekly","paperweekly","MzIwMTc4ODE0Mw==","大模型架构新范式！NUS、复旦等发布首篇Latent Space系统综述","http://mp.weixin.qq.com/s?__biz=MzIwMTc4ODE0Mw==&mid=2247719707&idx=2&sn=1423a6767f8cfb128e90e99d47c74893&chksm=96e5449ba192cd8d25091df652c217bac073f794071d4b49bd798179a65e0523f710bd8cc12b#rd","2026-04-20 01:31:36"
"PaperWeekly","paperweekly","MzIwMTc4ODE0Mw==","北京/上海内推 | 美团基座大模型团队招聘多模态/具身智能研究型实习生","http://mp.weixin.qq.com/s?__biz=MzIwMTc4ODE0Mw==&mid=2247719707&idx=3&sn=47fb63c076b0faa25a6414bb3ac69d51&chksm=96e5449ba192cd8d70061cca3a9c319b6947115430473b41ca083cd07b95a989af2debc0cfaa#rd","2026-04-20 01:31:36"
"PaperWeekly","paperweekly","MzIwMTc4ODE0Mw==","具身智能表征的ImageNet来了！机器人终于看懂了人类世界","http://mp.weixin.qq.com/s?__biz=MzIwMTc4ODE0Mw==&mid=2247719654&idx=1&sn=2c95b31d349063758ba8ef429c98d961&chksm=96e54566a192cc70faed43a6d3a30339ea42d5a4541714a076a9e1985c3d84e8c4e460b7134f#rd","2026-04-17 02:07:02"
"PaperWeekly","paperweekly","MzIwMTc4ODE0Mw==","ACL 2026 | 通义首提R-EMID框架：形式化揭示角色扮演性能退化机制","http://mp.weixin.qq.com/s?__biz=MzIwMTc4ODE0Mw==&mid=2247719654&idx=2&sn=354ecfd8e8b08d4277c17cc78609dc48&chksm=96e54566a192cc70c2a7342a7e295ae2af65f4dd5728aeb95e9da1a24b7dea41bc978179413c#rd","2026-04-17 02:07:02"
"PaperWeekly","paperweekly","MzIwMTc4ODE0Mw==","一句话自动剪Vlog！连BGM都能丝滑卡点，CutClaw有点太会了","http://mp.weixin.qq.com/s?__biz=MzIwMTc4ODE0Mw==&mid=2247719646&idx=1&sn=979a856fe1eec848695c0fd448d239a7&chksm=96e5455ea192cc48ac09207a3c6e1a4a97b043b993a95b3ff28fa8481e4411ddb6cf233b5443#rd","2026-04-16 08:45:48"
"PaperWeekly","paperweekly","MzIwMTc4ODE0Mw==","ACL 2026 | 微软提出RepoGenesis：AI能从README生成完整仓库吗？","http://mp.weixin.qq.com/s?__biz=MzIwMTc4ODE0Mw==&mid=2247719646&idx=2&sn=293e6ff2514d6589a071c8aa93fab633&chksm=96e5455ea192cc489b707c271851b792aa029984a244e462bdd85a193a29866b6d2f7017cca0#rd","2026-04-16 08:45:48"
"PaperWeekly","paperweekly","MzIwMTc4ODE0Mw==","直播预告 | 密歇根州立大学刘思佳教授：从机器遗忘到更广泛的模型调控","http://mp.weixin.qq.com/s?__biz=MzIwMTc4ODE0Mw==&mid=2247719646&idx=3&sn=84f5cad5ec83269f949a5ae10b317db2&chksm=96e5455ea192cc4891066314180b955fc4012bd21ee5c0341fedbfbdfecc38dd05e2d09eec65#rd","2026-04-16 08:45:48"
"PaperWeekly","paperweekly","MzIwMTc4ODE0Mw==","ICLR盲审6.33分！AI写论文超人类均分，重磅登上Nature","http://mp.weixin.qq.com/s?__biz=MzIwMTc4ODE0Mw==&mid=2247718937&idx=1&sn=cc09dd82f2eed159903541aafaa5316d&chksm=96e54799a192ce8f26db986476d6fa5f3c3f5716508cf1763e6665a7547b6fca4b86a13b6aa6#rd","2026-03-26 02:37:08"
"PaperWeekly","paperweekly","MzIwMTc4ODE0Mw==","美团ICLR 2026中稿精选：从后训练到多智能体，解码Agent前沿技术","http://mp.weixin.qq.com/s?__biz=MzIwMTc4ODE0Mw==&mid=2247718937&idx=2&sn=639dbd344faa9bda20afd4f25f028e14&chksm=96e54799a192ce8f6b8efdff6d44dc919bf929557ef8c42cb73bb2f6899584f2ef3b80ff651a#rd","2026-03-26 02:37:08"
"PaperWeekly","paperweekly","MzIwMTc4ODE0Mw==","150万规模！深势开源科学图像界ImageNet，AI终于能看懂论文图表了","http://mp.weixin.qq.com/s?__biz=MzIwMTc4ODE0Mw==&mid=2247718902&idx=1&sn=f43abe976a0471c9704991e6bd54d517&chksm=96e54876a192c160c4106a1c4caad870f6481405302fa6ef39c2b04a4d704e18d93c7370192a#rd","2026-03-25 02:19:18"
"PaperWeekly","paperweekly","MzIwMTc4ODE0Mw==","CVPR 2026 | 放弃整图打分！ViPO提出区域级视觉偏好优化，完胜原生GRPO","http://mp.weixin.qq.com/s?__biz=MzIwMTc4ODE0Mw==&mid=2247718902&idx=2&sn=9bf2979649fcf2f6c98a8f5c0c8680b5&chksm=96e54876a192c16049fdbc43e655f837867e4c7d3d07ac1544dec048d350ab96b0a278294d65#rd","2026-03-25 02:19:18"
"PaperWeekly","paperweekly","MzIwMTc4ODE0Mw==","为了给NeurIPS审稿，Meta的Agent自己重写了底层代码","http://mp.weixin.qq.com/s?__biz=MzIwMTc4ODE0Mw==&mid=2247718885&idx=1&sn=ff2e9d30b90dba340720ae485f1bfee3&chksm=96e54865a192c173bd1e15ba055c68f3e05f672b4c06c691e87f90ad3dcfbf2cc980ff1005c1#rd","2026-03-24 10:05:30"
"PaperWeekly","paperweekly","MzIwMTc4ODE0Mw==","ICLR 2026 | 多模态训练遇梯度冲突？Uni-X探索纯自回归原生多模态架构","http://mp.weixin.qq.com/s?__biz=MzIwMTc4ODE0Mw==&mid=2247718885&idx=2&sn=5356e391cc023291b98c291627b34646&chksm=96e54865a192c173745be9086db9c52d092cfd93a5d40134348c4cb6034a7d0262628cc00793#rd","2026-03-24 10:05:30"
"PaperWeekly","paperweekly","MzIwMTc4ODE0Mw==","这篇ICLR神了！文言文「硬控」全网大模型，100%成功越狱","http://mp.weixin.qq.com/s?__biz=MzIwMTc4ODE0Mw==&mid=2247718843&idx=1&sn=10980b03e7d9a878cf019b99addbd1c9&chksm=96e5483ba192c12dd094eef09171e4706975120bc812cb41e223b927921961ad89d7edd46f2b#rd","2026-03-23 10:05:38"
"PaperWeekly","paperweekly","MzIwMTc4ODE0Mw==","ICLR 2026 | VLM靠打游戏练级？复旦提出Game-RL，推理匹敌几何数据","http://mp.weixin.qq.com/s?__biz=MzIwMTc4ODE0Mw==&mid=2247718843&idx=2&sn=2ab80850f5a40076148d35fb7e7d12e4&chksm=96e5483ba192c12dd7dca51074e14a7fa11a5aba5596c70bb47d3b602d64a15921f4e96b9f03#rd","2026-03-23 10:05:38"
"PaperWeekly","paperweekly","MzIwMTc4ODE0Mw==","一眼看穿idea潜力！创智×复旦提出RL新范式，让大模型拥有科研品味","http://mp.weixin.qq.com/s?__biz=MzIwMTc4ODE0Mw==&mid=2247718818&idx=1&sn=c338b4158febf20ca779475ebd37db8e&chksm=96e54822a192c1340b23e8b268756ccd3affcb07c4bf4d4a5c9cdeaf7bfb617d2dfe3bbafdf3#rd","2026-03-21 01:17:40"
"PaperWeekly","paperweekly","MzIwMTc4ODE0Mw==","仅0.04B！哈工深首创同层混合架构STILL，极低成本线性化LLM","http://mp.weixin.qq.com/s?__biz=MzIwMTc4ODE0Mw==&mid=2247718818&idx=2&sn=02b6cdb801a9b893da9af3f1a89a8c7b&chksm=96e54822a192c134356f80ee84fcbce87aac10a9a833864068ae4071f98f694e35536a404f97#rd","2026-03-21 01:17:40"
"PaperWeekly","paperweekly","MzIwMTc4ODE0Mw==","单刊年赚超2亿！中科院不再报销Nature Communications巨额版面费","http://mp.weixin.qq.com/s?__biz=MzIwMTc4ODE0Mw==&mid=2247718119&idx=1&sn=f2b3219dc590b9efada1090d42b88121&chksm=96e54b67a192c271af22611b7ecbf7c01ed1ee92b8b9c506a3d47b486ad8fefef472fcd8ce1e#rd","2026-02-28 01:12:04"
"PaperWeekly","paperweekly","MzIwMTc4ODE0Mw==","多目标强化学习新突破！给GRPO加上运筹外挂，7B模型硬刚GPT-4","http://mp.weixin.qq.com/s?__biz=MzIwMTc4ODE0Mw==&mid=2247718119&idx=2&sn=e8386b0265174b3d40bb2ac631806e1e&chksm=96e54b67a192c2710eadc861bb0d34fa243ac33364c1da2d1ececda0b5d90b6cda749e0f65eb#rd","2026-02-28 01:12:04"
"PaperWeekly","paperweekly","MzIwMTc4ODE0Mw==","V4底座浮现？DeepSeek唤醒闲置网卡，「双路径」破解长上下文I/O瓶颈","http://mp.weixin.qq.com/s?__biz=MzIwMTc4ODE0Mw==&mid=2247718066&idx=1&sn=27ecab7f00ba5039b04f0a22030e55c0&chksm=96e54b32a192c224b40d9ecf7915cf89413fab364877f629705e4aa22d31fd14b9da07f46787#rd","2026-02-26 19:10:12"
"PaperWeekly","paperweekly","MzIwMTc4ODE0Mw==","WWW 2026 | 大模型推荐真懂你吗？首次揭示微调中的上下文偏差","http://mp.weixin.qq.com/s?__biz=MzIwMTc4ODE0Mw==&mid=2247718066&idx=2&sn=51d708263e802a02fbb90c8f0daf5d37&chksm=96e54b32a192c22425c05d23858e7a55855bb6f0356d1e7697d0f5baa3e6a27693131b98eda9#rd","2026-02-26 19:10:12"
"PaperWeekly","paperweekly","MzIwMTc4ODE0Mw==","让Claude和Kimi接管真实系统，跑个实验差点把服务器干崩了","http://mp.weixin.qq.com/s?__biz=MzIwMTc4ODE0Mw==&mid=2247718008&idx=1&sn=7fb65e64bd7565b688cd18aa82599504&chksm=96e54bf8a192c2ee87949268823a9cd0bdf6887c3b96ca320462cd8542e796feb8cac4e795b3#rd","2026-02-26 06:19:47"
"PaperWeekly","paperweekly","MzIwMTc4ODE0Mw==","揭开具身智能黑盒！清华等团队破译隐藏动力学密码：极限环编码行为","http://mp.weixin.qq.com/s?__biz=MzIwMTc4ODE0Mw==&mid=2247718008&idx=2&sn=b72e53a2c4a860dc886abf29eb1ce053&chksm=96e54bf8a192c2ee5d6e8b39bc60208a8c3d03e9faf4c350b48ab8ef6e06fe9aa9a9ee379aeb#rd","2026-02-26 06:19:47"
"PaperWeekly","paperweekly","MzIwMTc4ODE0Mw==","仅用121个参数通关10位数加法！全网狂卷Transformer参数底线","http://mp.weixin.qq.com/s?__biz=MzIwMTc4ODE0Mw==&mid=2247717961&idx=1&sn=dc2180ca7f4cdc49f40d9d5658a79e5b&chksm=96e54bc9a192c2dfb8b2e03fa6ad564a7549ff9e371520515f08c49ec195de6134a24cbbee27#rd","2026-02-25 07:37:09"
"PaperWeekly","paperweekly","MzIwMTc4ODE0Mw==","CVPR 2026 | 数据越多越分不清真假？中科院新作破解AIGC检测悖论","http://mp.weixin.qq.com/s?__biz=MzIwMTc4ODE0Mw==&mid=2247717961&idx=2&sn=125102c76bb9196524ae2acaf1662e2d&chksm=96e54bc9a192c2dfae2280816ee27153ae90248f0341b194d0e4571eaeb4e3abb7fd7187ab50#rd","2026-02-25 07:37:09"
"PaperWeekly","paperweekly","MzIwMTc4ODE0Mw==","GitHub 2K星！Edit Banana一键解剖AI像素图，变身可编辑PPT/Drawio","http://mp.weixin.qq.com/s?__biz=MzIwMTc4ODE0Mw==&mid=2247717922&idx=1&sn=ce0092954f9d00caefbdec5cfdc8d0e4&chksm=96e54ba2a192c2b4f9875b8348ee0dec92c15e81ba6b9d19aafe127d50d3f73da64b904cf83f#rd","2026-02-24 10:04:56"
"PaperWeekly","paperweekly","MzIwMTc4ODE0Mw==","还在盲目堆数据？用SAE特征空间指导合成，2K样本轻松追平300K SOTA","http://mp.weixin.qq.com/s?__biz=MzIwMTc4ODE0Mw==&mid=2247717922&idx=2&sn=7a0fbd933a37cafa9a34f9755bb078a6&chksm=96e54ba2a192c2b44d05d5385ae84df51d77faf75216cf5c9525a0e6c9d49213460acea5fd66#rd","2026-02-24 10:04:56"
"PaperWeekly","paperweekly","MzIwMTc4ODE0Mw==","10/8/6/4遭一票否决？ICLR 2026爆争议：AC竟用NeurIPS记忆跨会清算","http://mp.weixin.qq.com/s?__biz=MzIwMTc4ODE0Mw==&mid=2247717417&idx=1&sn=b6a7c87bb9645dbc841736bf5e3a418b&chksm=96e54da9a192c4bfef22980081f15b2fc8447b941e2654017ebc9451a51b88e5e92c07d75cbe#rd","2026-02-01 09:36:57"
"PaperWeekly","paperweekly","MzIwMTc4ODE0Mw==","GPT之父Alec Radford新作：从文档级到Token级，重塑大模型数据过滤范式","http://mp.weixin.qq.com/s?__biz=MzIwMTc4ODE0Mw==&mid=2247717395&idx=1&sn=8f296fbe5da109499bebba3f4d65277a&chksm=96e54d93a192c4853b099d13c6a08ba87a82a88f49ba204ac2c0fafb809596683232068f6af3#rd","2026-01-31 02:44:38"
"PaperWeekly","paperweekly","MzIwMTc4ODE0Mw==","直播预告 | 张奇、刘知远等领衔！OpenKG年度论坛：知识增强大模型新发展","http://mp.weixin.qq.com/s?__biz=MzIwMTc4ODE0Mw==&mid=2247717395&idx=2&sn=2f341bfa3fd38baae50ed410f79246ad&chksm=96e54d93a192c4859422c36daacaefa0d3ef3344b7eb0d885cbddac7f32cad151b0e4481c998#rd","2026-01-31 02:44:38"
"PaperWeekly","paperweekly","MzIwMTc4ODE0Mw==","2026开年新风向：上下文即Teacher，三文详解Self-Distillation新范式","http://mp.weixin.qq.com/s?__biz=MzIwMTc4ODE0Mw==&mid=2247717371&idx=1&sn=bdb28be69e94c492f2121eda55e794c0&chksm=96e54e7ba192c76dad4993bfa3416600fc6953a94ead985b00686f5a401f86f08d0fd2344f6d#rd","2026-01-30 05:06:11"
"PaperWeekly","paperweekly","MzIwMTc4ODE0Mw==","告别黑盒！清华发布FaithLens，首创强可解释性的大模型幻觉检测利器","http://mp.weixin.qq.com/s?__biz=MzIwMTc4ODE0Mw==&mid=2247717371&idx=2&sn=7a8a2d64e6014e72b8132f68f776ed17&chksm=96e54e7ba192c76d0a59c6e9f8f5e348de512e2c187029d2a56e5e0be4ae93b483cab95ebac0#rd","2026-01-30 05:06:11"
"PaperWeekly","paperweekly","MzIwMTc4ODE0Mw==","拒绝调包！纯NumPy手搓Ilya推荐的30篇论文，连反向传播都是手写的","http://mp.weixin.qq.com/s?__biz=MzIwMTc4ODE0Mw==&mid=2247717338&idx=1&sn=0e0978348694bee2d2b51af070dde292&chksm=96e54e5aa192c74c638907c3a996e37a68d65fbcb0a6c7cb368c7e474c1379e7ac53462c9774#rd","2026-01-29 02:44:00"
"PaperWeekly","paperweekly","MzIwMTc4ODE0Mw==","Rebuttal还在手动查文献？Paper2Rebuttal一键生成有理有据的学术回复","http://mp.weixin.qq.com/s?__biz=MzIwMTc4ODE0Mw==&mid=2247717338&idx=2&sn=a6097ceeb55007c39802caf08b459aa6&chksm=96e54e5aa192c74c072402cb1ceb893d8d1c5166b2af3ab49995fe7a6d9b38dfed28cb12afbb#rd","2026-01-29 02:44:00"
"PaperWeekly","paperweekly","MzIwMTc4ODE0Mw==","年度最勇投稿！手持300篇假引用名单踢馆，ACL审稿人敢拒这篇吗？","http://mp.weixin.qq.com/s?__biz=MzIwMTc4ODE0Mw==&mid=2247717298&idx=1&sn=c96a107e85b244c0820fe2cb1003a37e&chksm=96e54e32a192c72433fd52296fb836628a48a64a50e26ef67944fd1841b3ff3c28b994359545#rd","2026-01-28 02:23:58"
"PaperWeekly","paperweekly","MzIwMTc4ODE0Mw==","破案实锤！Qwen用假信号也能拿高分？虚假的RLVR如何激活隐藏记忆回路？","http://mp.weixin.qq.com/s?__biz=MzIwMTc4ODE0Mw==&mid=2247717298&idx=2&sn=347f6895b983640f1b1947de98204660&chksm=96e54e32a192c724554e3fb2a5cb7d61ecf18b9e42fb76d4379cbdebdc9dc222d4523024f6bb#rd","2026-01-28 02:23:58"
"PaperWeekly","paperweekly","MzIwMTc4ODE0Mw==","谁说思维链越长越好？Yuan3.0 Flash开源：砍掉70%无效token，重构推理范式","http://mp.weixin.qq.com/s?__biz=MzIwMTc4ODE0Mw==&mid=2247716513&idx=1&sn=d9c9b248da7a28d6ff9399404ea0ab04&chksm=96e55121a192d83709735f8a40b08f0d6c9df98cce22120b0be516bd8dfcc35122ee57af1dce#rd","2026-01-08 01:10:22"
"PaperWeekly","paperweekly","MzIwMTc4ODE0Mw==","AAAI 2026 | 别再盲目采样了！OptScale实现概率最优停止，token消耗减半","http://mp.weixin.qq.com/s?__biz=MzIwMTc4ODE0Mw==&mid=2247716513&idx=2&sn=d21f65deaebc48aa53d1488d15f1bd7c&chksm=96e55121a192d837cfc45722a1e3731f1c368c57cab34d3297a0aff7afd8f62629dc41029cb7#rd","2026-01-08 01:10:22"
"PaperWeekly","paperweekly","MzIwMTc4ODE0Mw==","告别Scaling暴力美学：正如Ilya预言，算力不再是唯一的答案","http://mp.weixin.qq.com/s?__biz=MzIwMTc4ODE0Mw==&mid=2247716450&idx=1&sn=2da55051e0e159009091ee61c2bea01e&chksm=96e551e2a192d8f453409d4d33abcc6536da42cb7e07be4ab1b3d4fd9b8b220d9ea61e20446f#rd","2026-01-07 02:04:25"
"PaperWeekly","paperweekly","MzIwMTc4ODE0Mw==","CVPR 2025 | Mamba与局部注意力首次碰撞，SegMAN刷新语义分割SOTA","http://mp.weixin.qq.com/s?__biz=MzIwMTc4ODE0Mw==&mid=2247716450&idx=2&sn=82a790e3c81879656749a97b0c3a3fde&chksm=96e551e2a192d8f4181cd63feccce1d4f436d3e731940d717617e4d3ed4103eee985d802d898#rd","2026-01-07 02:04:25"
"PaperWeekly","paperweekly","MzIwMTc4ODE0Mw==","别让 loss.backward() 成为黑盒：手推Transformer全链路梯度（含LoRA）","http://mp.weixin.qq.com/s?__biz=MzIwMTc4ODE0Mw==&mid=2247716385&idx=1&sn=4889b56153225bed55c20f88595c2be0&chksm=96e551a1a192d8b7fab4e4081d25a0b15959852e12778d037dc7ba9860914db24db9e2756d36#rd","2026-01-06 02:01:26"
"PaperWeekly","paperweekly","MzIwMTc4ODE0Mw==","150k数据反超Qwen-2509！支持10图输入，MICo-150k刷新多图融合SOTA","http://mp.weixin.qq.com/s?__biz=MzIwMTc4ODE0Mw==&mid=2247716385&idx=2&sn=1e59687f6012c01ce6f3e48621bd5e40&chksm=96e551a1a192d8b7e3e8aba242cab78fceaed4ea15f0299f3981b3ca8a4e6710ec4a71aab257#rd","2026-01-06 02:01:26"
"PaperWeekly","paperweekly","MzIwMTc4ODE0Mw==","Vibe Researching来了！斯坦福教授实测：1小时自动复现PNAS论文","http://mp.weixin.qq.com/s?__biz=MzIwMTc4ODE0Mw==&mid=2247716309&idx=1&sn=bce0223da5c95147c5c021b7d0120f95&chksm=96e55255a192db43a7c3951c5b4e339ec585dcd815e7ceca8c0b5e0d4cab365e9fc0ff823f45#rd","2026-01-05 02:34:38"
"PaperWeekly","paperweekly","MzIwMTc4ODE0Mw==","大模型也能「千人千面」？UIUC团队提出个性化LLM路由新框架","http://mp.weixin.qq.com/s?__biz=MzIwMTc4ODE0Mw==&mid=2247716309&idx=2&sn=5bed765fb3b34730fb0d9f37b02e31a8&chksm=96e55255a192db43bb93d890cf2bad5ba1a3ed758d860a788b971b5d2d1b9b53f37b6bcf41bf#rd","2026-01-05 02:34:38"
"PaperWeekly","paperweekly","MzIwMTc4ODE0Mw==","别再把KL散度加进loss了！Bengio团队实证：回归Reward才是无偏正解","http://mp.weixin.qq.com/s?__biz=MzIwMTc4ODE0Mw==&mid=2247716247&idx=1&sn=584edb6041579a68d396bb9a3f0c278f&chksm=96e55217a192db015aab94418bf3e1df5784f8c887b8e337858fb895a75c0d55bb443d84ae9a#rd","2026-01-04 02:10:04"
"PaperWeekly","paperweekly","MzIwMTc4ODE0Mw==","爆肝96页！NUS联合哈佛发布医疗智能体重磅综述，28万字+300篇文献梳理","http://mp.weixin.qq.com/s?__biz=MzIwMTc4ODE0Mw==&mid=2247716247&idx=2&sn=401d2a841eb11c34c48fd643eccee479&chksm=96e55217a192db01cac012417438d18c05b5d3f041a8d7189350862f3d67d26ca676596088c8#rd","2026-01-04 02:10:04"
"NLP PaperWeekly","NLPPaperWeekly","Mzg3Njk2NTc4Mw==","TabClaw：让 AI 真正读懂你的表格数据","http://mp.weixin.qq.com/s?__biz=Mzg3Njk2NTc4Mw==&mid=2247486254&idx=1&sn=36e56a1c6b59e70ebdc55dcab0bdb1f9&chksm=cf2b71d6f85cf8c011302fca328837ee31ab4e226cf9be7ed76467db5441410d280247135683#rd","2026-03-20 07:52:34"
"NLP PaperWeekly","NLPPaperWeekly","Mzg3Njk2NTc4Mw==","字节清华联手开源！CUDA Agent：让AI自动写出比编译器快3倍的GPU内核","http://mp.weixin.qq.com/s?__biz=Mzg3Njk2NTc4Mw==&mid=2247486247&idx=1&sn=c83cd87eb4c8c5f59fe799027c7a3185&chksm=cf2b71dff85cf8c91f96d1a4eb84e41be4bfc2d54373d35d8ffead128ef168d950f1fd449052#rd","2026-03-13 06:30:00"
"NLP PaperWeekly","NLPPaperWeekly","Mzg3Njk2NTc4Mw==","OpenClaw 之后，Agentic RL有了新训练范式","http://mp.weixin.qq.com/s?__biz=Mzg3Njk2NTc4Mw==&mid=2247486227&idx=1&sn=c88cce943b9a37a3596f0d779fa5cdfe&chksm=cf2b71ebf85cf8fdb935082c40b1dabe4070d9283b87ea66f7ddfcc1decb54d5c4968c4a3dd1#rd","2026-03-05 19:44:47"
"NLP PaperWeekly","NLPPaperWeekly","Mzg3Njk2NTc4Mw==","ICLR26 Oral | 字节MemAgent：突破350万字！RL重塑大模型记忆","http://mp.weixin.qq.com/s?__biz=Mzg3Njk2NTc4Mw==&mid=2247486221&idx=1&sn=842b8188390780348dde4397334fcb90&chksm=cf2b71f5f85cf8e391697fbf1f717275155f160c66db856bd3c617fcce12ee107f0f73b9fe6f#rd","2026-03-02 09:31:25"
"NLP PaperWeekly","NLPPaperWeekly","Mzg3Njk2NTc4Mw==","ICLR26 | 阿里Qwen：仅靠自博弈，将Agent搜索能力推向新SOTA","http://mp.weixin.qq.com/s?__biz=Mzg3Njk2NTc4Mw==&mid=2247486194&idx=1&sn=37f78509e0f03cca94ce3493dd5fb2c2&chksm=cf2b700af85cf91cafc60202cddec24815fd68013ba9266404cf72f0c64922192ffc87e188ad#rd","2026-02-01 23:29:53"
"刘悦的技术博客","liuyue_tech","MzU3MjQ1Nzk1NA==","Ernie-Image-AIO-Rapid,4k超分,8G显存可用,文生图,图生图,自动提示词,批量","http://mp.weixin.qq.com/s?__biz=MzU3MjQ1Nzk1NA==&mid=2247490036&idx=1&sn=05eebbc239d8b2756395d7bde5ac44f9&chksm=fcd1cf79cba6466f4a6da2f547cbe5e71f1c62929da155aebfccfa246a66307c094f9dd4f227#rd","2026-04-23 01:18:24"
"刘悦的技术博客","liuyue_tech","MzU3MjQ1Nzk1NA==","LTX-2.3-DISTILLED-1.1-多人对话-男女对唱-图片数字人,8G显存可用,自动补帧,","http://mp.weixin.qq.com/s?__biz=MzU3MjQ1Nzk1NA==&mid=2247490029&idx=1&sn=e5836555a7b8ec7b3fede0c23f6d2089&chksm=fcd1cf60cba6467615820ef6ec34ebe4b91fbfd9a637e83d2bdb1577a4a6a56d6e10aa9ce800#rd","2026-04-21 12:30:07"
"刘悦的技术博客","liuyue_tech","MzU3MjQ1Nzk1NA==","Wan2.2_LightX2V-260412-文生视频-首尾帧-单图无限时长,8G显存可用,自动补帧","http://mp.weixin.qq.com/s?__biz=MzU3MjQ1Nzk1NA==&mid=2247490022&idx=1&sn=cd8f76f31f7a01e72c5838a9f51a52e7&chksm=fcd1cf6bcba6467d58edd5b39927a61b3d05a4f11552a7046328ea54b94e5977d7947240f25f#rd","2026-04-20 11:34:07"
"刘悦的技术博客","liuyue_tech","MzU3MjQ1Nzk1NA==","LTX-2.3-DISTILLED-1.1-IC-Lora-动作迁移-文生视频-首尾帧-图片数字人,","http://mp.weixin.qq.com/s?__biz=MzU3MjQ1Nzk1NA==&mid=2247490015&idx=1&sn=97142b2261b7a04e5c2940921a2ffcaf&chksm=fcd1cf52cba6464405288c68c6628c6f89dcfa30943912f41d6c60d8448f837ac00357ff5770#rd","2026-04-19 02:33:53"
"刘悦的技术博客","liuyue_tech","MzU3MjQ1Nzk1NA==","Ernie-Image-Turbo-uncensored,8G显存可用,文生图,图生图,自动提示词,","http://mp.weixin.qq.com/s?__biz=MzU3MjQ1Nzk1NA==&mid=2247490008&idx=1&sn=cf8a046986a4eac4b79a70780ba640f8&chksm=fcd1cf55cba6464324148e834ae5a7c1ae80bfbdd9fc434dd0c0f58ebe12f4f6c2327979aff9#rd","2026-04-16 12:05:20"
"刘悦的技术博客","liuyue_tech","MzU3MjQ1Nzk1NA==","HeartMuLa-HL一键包,8G显存可用,支持中文提示词,无须标签式歌词,更自然的AI歌曲生成,","http://mp.weixin.qq.com/s?__biz=MzU3MjQ1Nzk1NA==&mid=2247489882&idx=1&sn=8e654c744d7cd506719a689541c5a2ba&chksm=fcd1cfd7cba646c1d96945d2615201b10703c8e19b948bc2ff209e0f015ac1dd196970f8e90f#rd","2026-01-25 10:13:04"
"刘悦的技术博客","liuyue_tech","MzU3MjQ1Nzk1NA==","Qwen3-TTS-1.7B,6G显存可用,音色保存,接口API调用,支持超长文本,支持50系显卡,","http://mp.weixin.qq.com/s?__biz=MzU3MjQ1Nzk1NA==&mid=2247489875&idx=1&sn=23a6538649397922b74a86369f3ee754&chksm=fcd1cfdecba646c8614c4dbf8a8c1a2a90957287910adef182cdefc6f14d11111afff82a2f24#rd","2026-01-24 03:18:06"
"字节笔记本","byte_notes","MzIzMzQyMzUzNw==","本地模型跑出 GPT-4 水准！Qwen3.6-27B 实测报告","http://mp.weixin.qq.com/s?__biz=MzIzMzQyMzUzNw==&mid=2247515597&idx=1&sn=cf01811b7aa32ecfa6ceea78e8cae6cd&chksm=e8872a13dff0a305a4a6307618db1a2439a10ed0497f756cd5075dcc41eb54e8686e4e2b20b7#rd","2026-04-22 21:32:13"
"字节笔记本","byte_notes","MzIzMzQyMzUzNw==","天塌了！Claude Code 从 20 美元 Pro 套餐里移除了","http://mp.weixin.qq.com/s?__biz=MzIzMzQyMzUzNw==&mid=2247515541&idx=1&sn=14e28bcfbf1f4751e49cc0474ed5118d&chksm=e8872a4bdff0a35deff4e490ea1869e47478f6c6f8097eb3b645bcd477bfc745f3837d0073db#rd","2026-04-21 21:32:33"
"字节笔记本","byte_notes","MzIzMzQyMzUzNw==","AutoClaw的Hermes 自我进化能力上线！","http://mp.weixin.qq.com/s?__biz=MzIzMzQyMzUzNw==&mid=2247515506&idx=1&sn=d89367e40504b09a6a156c201d340813&chksm=e8872aacdff0a3ba27c4f3cc158cbe124a3b7d008272e8ffeee67ad1aa1f7cb9f207ac87ee60#rd","2026-04-20 04:36:34"
"字节笔记本","byte_notes","MzIzMzQyMzUzNw==","将Claude Design蒸馏成可复用的幻灯片、原型、动画、落地页的Skills","http://mp.weixin.qq.com/s?__biz=MzIzMzQyMzUzNw==&mid=2247515487&idx=1&sn=fe18388f4818bc08de04e6d8f192b96a&chksm=e8872a81dff0a397b72737b260792d89e8acae4b4363cfc22823016fd1609bd90c0212f4b69d#rd","2026-04-19 08:25:47"
"字节笔记本","byte_notes","MzIzMzQyMzUzNw==","Figma暴跌7.63%！Claude Design再次颠覆设计圈","http://mp.weixin.qq.com/s?__biz=MzIzMzQyMzUzNw==&mid=2247515479&idx=1&sn=df0fa1ebde3b292ca0b060e7ca39e332&chksm=e8872a89dff0a39f058a94f584fffab7b5a795b378facb1dda2aa66a87fd4126735f41d497b5#rd","2026-04-18 00:31:09"
"字节笔记本","byte_notes","MzIzMzQyMzUzNw==","逼近Opus！用GLM-5.1轻松打造龙虾Claw桌面端","http://mp.weixin.qq.com/s?__biz=MzIzMzQyMzUzNw==&mid=2247515128&idx=1&sn=8c7661bdbedee802be7494ad9bfb4cf3&chksm=e8872c26dff0a5306e137965446d2d41b9f20168e6bc8be21b9704000168183736633d3d75c5#rd","2026-04-01 20:28:33"
"字节笔记本","byte_notes","MzIzMzQyMzUzNw==","扒完了泄露的Claude Code 源码，我发现Vibe Coding也就这么回事！","http://mp.weixin.qq.com/s?__biz=MzIzMzQyMzUzNw==&mid=2247515106&idx=1&sn=a52442cc53967c50d9b36fb6c2b1722c&chksm=e8872c3cdff0a52a5f386975b3b8fcf670b8b485b938377a43443034b712736295be87b2feca#rd","2026-03-31 21:41:09"
"字节笔记本","byte_notes","MzIzMzQyMzUzNw==","OpenAI 把 Codex 塞进了 Claude Code ！","http://mp.weixin.qq.com/s?__biz=MzIzMzQyMzUzNw==&mid=2247514660&idx=1&sn=a0a21682acfb8d8a3bdbe88345e0d928&chksm=e8872dfadff0a4ec94dc7b53a28a16284d8687c62bdd36fe908475edbc851d71ccc445585841#rd","2026-03-30 21:00:35"
"字节笔记本","byte_notes","MzIzMzQyMzUzNw==","APP MCP已死？CLI永生？","http://mp.weixin.qq.com/s?__biz=MzIzMzQyMzUzNw==&mid=2247514640&idx=1&sn=dfc1c966e9c17a26e147325d6d89cfce&chksm=e8872dcedff0a4d875b90e32e4ca2e498acb03b3d090995e9d7e597b410bf2a95637747f5805#rd","2026-03-30 01:11:47"
"字节笔记本","byte_notes","MzIzMzQyMzUzNw==","一行命令，让 Claude Code 读代码少花一半 token","http://mp.weixin.qq.com/s?__biz=MzIzMzQyMzUzNw==&mid=2247514635&idx=1&sn=5f286b2da12c60833fad2684b316404a&chksm=e8872dd5dff0a4c3d7f567b05e0fddf120c7f2fce638a49c783f75bb372c494fcfdf1f486736#rd","2026-03-29 09:04:14"
"字节笔记本","byte_notes","MzIzMzQyMzUzNw==","不只是代理！更是AI时代新基建New API","http://mp.weixin.qq.com/s?__biz=MzIzMzQyMzUzNw==&mid=2247514050&idx=1&sn=4903774d5617c6c541180dd906ed3c2b&chksm=e887201cdff0a90abf2fe3defe7add94dab91954574bed37b3ada596cba155ee02d2b4fd7e86#rd","2026-03-11 00:29:02"
"字节笔记本","byte_notes","MzIzMzQyMzUzNw==","让龙虾/OpenClaw越用越聪明！我都装了哪些技能Skill?","http://mp.weixin.qq.com/s?__biz=MzIzMzQyMzUzNw==&mid=2247514031&idx=1&sn=965c94da4fae011fa176c45d84febc80&chksm=e8872071dff0a96758e7d8e829919d9a4a730fb7f9e70bca164989d52cb85c3453047c5fecba#rd","2026-03-09 23:06:05"
"字节笔记本","byte_notes","MzIzMzQyMzUzNw==","节省至少60%的Token消耗！Claude Code 会话智能过滤器","http://mp.weixin.qq.com/s?__biz=MzIzMzQyMzUzNw==&mid=2247514014&idx=1&sn=3d1433480e0f7372a03b016231ca872f&chksm=e8872040dff0a9565447cf727ca27344cbb44eead9288bb78432105b97ab157fd76570b7464e#rd","2026-03-09 00:28:03"
"字节笔记本","byte_notes","MzIzMzQyMzUzNw==","Agent的尽头，是自动化打工 ！Claude Code重磅上线 loop功能","http://mp.weixin.qq.com/s?__biz=MzIzMzQyMzUzNw==&mid=2247513944&idx=1&sn=88eb1c92d02abeff80a1ead9260e1554&chksm=e8872086dff0a99058fe6a6b313559f4bf0d7de92755be7498eed879010b786698f2bcda6e88#rd","2026-03-07 23:17:55"
"字节笔记本","byte_notes","MzIzMzQyMzUzNw==","直接进化到OpenClaw！Claude Code Desktop 上线定时任务功能","http://mp.weixin.qq.com/s?__biz=MzIzMzQyMzUzNw==&mid=2247513935&idx=1&sn=53b264bb0c7b4dc7897bd6a901402b65&chksm=e8872091dff0a987b2f4620e40d258bba892c11966e25924aed552f0f27ff2697350ac691f1a#rd","2026-03-06 23:24:52"
"字节笔记本","byte_notes","MzIzMzQyMzUzNw==","新上架了一个剪切板APP！分享我的AI开发工作流","http://mp.weixin.qq.com/s?__biz=MzIzMzQyMzUzNw==&mid=2247513650&idx=1&sn=763b6253997a581c4fa6782b1f09fcc0&chksm=e88721ecdff0a8fa8d263b99c3a9bfa779dc33460a8bac0e9dee8d881555501db06d79fc033d#rd","2026-02-15 00:38:48"
"字节笔记本","byte_notes","MzIzMzQyMzUzNw==","将1Panel 这样的“大型”应用系统制作成Skill","http://mp.weixin.qq.com/s?__biz=MzIzMzQyMzUzNw==&mid=2247513632&idx=1&sn=7fa51e36b991525b2bf6e0c816fcfe7c&chksm=e88721fedff0a8e81addd87350093d162488d92237250a1fde59faf3bc99b0d9dfc52943d860#rd","2026-02-14 09:51:34"
"字节笔记本","byte_notes","MzIzMzQyMzUzNw==","为了更爽的Vibe Coding ，我最近又写了几个好用的工具！","http://mp.weixin.qq.com/s?__biz=MzIzMzQyMzUzNw==&mid=2247513617&idx=1&sn=bbeb5a01926a02489e7691ab51c07634&chksm=e88721cfdff0a8d99790fbca9954e9ed883b358ce9efce27267d0aea5a6a6df17a9abb8d93af#rd","2026-02-13 05:07:09"
"字节笔记本","byte_notes","MzIzMzQyMzUzNw==","国货之光GLM 5惊艳亮相！量大管饱，直追Opus","http://mp.weixin.qq.com/s?__biz=MzIzMzQyMzUzNw==&mid=2247513599&idx=1&sn=95cfe5b07651a92b0917dcb843d96ae9&chksm=e8872221dff0ab3768fbe3e8cd71643e603bcda63b85387daa266236cf5bfec88a1d234b7025#rd","2026-02-11 23:39:52"
"字节笔记本","byte_notes","MzIzMzQyMzUzNw==","比春晚还热闹！最近有哪些好用好玩的AI产品和应用？","http://mp.weixin.qq.com/s?__biz=MzIzMzQyMzUzNw==&mid=2247513598&idx=1&sn=e44587621cd03aad4ab2c4fc7777b511&chksm=e8872220dff0ab360cc23ce5f63069b1835e94df3080c5b85fb849d1bab7be4ae947fa7c38e4#rd","2026-02-11 09:49:59"
"字节笔记本","byte_notes","MzIzMzQyMzUzNw==","GLM Coding Plan 太抠了！重写了一个联网搜索Skill","http://mp.weixin.qq.com/s?__biz=MzIzMzQyMzUzNw==&mid=2247513119&idx=1&sn=b76fe7b51c8dfb9f3b1d681426bb6bac&chksm=e88723c1dff0aad7196acb5929bb0e0265879532b1ee824ea176ce5bf0f31555cf4e88d17051#rd","2026-01-23 21:29:04"
"字节笔记本","byte_notes","MzIzMzQyMzUzNw==","用了3个月近百个Skills，最后只剩下这些！","http://mp.weixin.qq.com/s?__biz=MzIzMzQyMzUzNw==&mid=2247513109&idx=1&sn=ecdb2175bc3b55a8afc18e3d0e0637a2&chksm=e88723cbdff0aadd9ac6b26ee2fda60afef5bf4e206d8f7f2f1288500b592a6199d66479c4e7#rd","2026-01-23 00:29:50"
"字节笔记本","byte_notes","MzIzMzQyMzUzNw==","既然都在吹Skills，那我就来泼一泼凉水吧！","http://mp.weixin.qq.com/s?__biz=MzIzMzQyMzUzNw==&mid=2247513094&idx=1&sn=6cae4f1c484c373d3aeb36862c70b6b6&chksm=e88723d8dff0aace12777079d1c6cec1234447bed3fb36c265bea558938d694df247c38a1690#rd","2026-01-21 23:18:04"
"字节笔记本","byte_notes","MzIzMzQyMzUzNw==","skills.sh 的Vercel官网上线！

除了比较常见的skill技能列表之外，还有24小时skills的排行榜，可以实时查看，跟踪比较热门的技能。

Vercel这个Skills网站还提供了集成的命令行工具，可以在几乎所有的客户端里面一键安装这些skill。

地址：skills.sh","http://mp.weixin.qq.com/s?__biz=MzIzMzQyMzUzNw==&mid=2247513076&idx=1&sn=54c204e0bd255ddea087f7a0f1697b25&chksm=e887242adff0ad3c33e963d65df11b891c0796ddaeee0a0c00fd43089f0c0fa455375e081597#rd","2026-01-20 21:35:47"
"字节笔记本","byte_notes","MzIzMzQyMzUzNw==","手搓了一个AI小编!我用Claude + Nano Banana Pro，让文章自动配图！","http://mp.weixin.qq.com/s?__biz=MzIzMzQyMzUzNw==&mid=2247513032&idx=1&sn=1576d670a19a36a98305e15cf0cfa8f4&chksm=e8872416dff0ad008a8c96d2184b94bee2ef1c3f237dba3bc6cfeeb628219b253053f9414737#rd","2026-01-19 19:36:31"
"字节笔记本","byte_notes","MzIzMzQyMzUzNw==","你的Claude Code缺一块仪表盘!","http://mp.weixin.qq.com/s?__biz=MzIzMzQyMzUzNw==&mid=2247512173&idx=1&sn=75abda0e4e84eaff31602765448cdc5e&chksm=e88727b3dff0aea502beaf57355d68ba4b19bafecd4aaee52ef2c0d52a4041f5d0cfd1ed77d9#rd","2026-01-03 20:41:34"
"字节笔记本","byte_notes","MzIzMzQyMzUzNw==","Claude Code之父分享的技巧有几点实在不敢苟同！","http://mp.weixin.qq.com/s?__biz=MzIzMzQyMzUzNw==&mid=2247512148&idx=1&sn=82a2d3823112a9cee62c58180eda82df&chksm=e887278adff0ae9c4deadf50ca4117cdc296f0848677f6170de32c80c47ed9676739944bd207#rd","2026-01-02 21:30:27"
"字节笔记本","byte_notes","MzIzMzQyMzUzNw==","AnyGen好用过Manus? 我不过馋的是它免费的Banana2","http://mp.weixin.qq.com/s?__biz=MzIzMzQyMzUzNw==&mid=2247512096&idx=1&sn=70e69e58c097f7a48e4bb8b5047c7dd4&chksm=e88727fedff0aee8dc2125ad9bc0231081427a7a3af557ea17fac29fdf63d9e533833cd06e90#rd","2026-01-01 23:00:37"
"字节笔记本","byte_notes","MzIzMzQyMzUzNw==","黄金搭档！基于Claude Code Skill的浏览器自动化插件","http://mp.weixin.qq.com/s?__biz=MzIzMzQyMzUzNw==&mid=2247512059&idx=1&sn=1df0e11660ecffbe82eabcb598667a6a&chksm=e8873825dff0b133566474397159e06cd342999e02c1aefa77995c4c69348461a636946ee9d4#rd","2025-12-31 23:19:21"
"字节笔记本","byte_notes","MzIzMzQyMzUzNw==","彻底免费平民化！Qwen Code增加了Skills功能","http://mp.weixin.qq.com/s?__biz=MzIzMzQyMzUzNw==&mid=2247511964&idx=1&sn=ea895e82e4c74d5969bb076c11bd5845&chksm=e8873842dff0b15485f657605c0d74898761e0345b0a7044ff7921467172a6aa2c5b41ae08f7#rd","2025-12-30 20:21:35"
"程序员鱼皮","coder_yupi","MzI1NDczNTAwMA==","离谱，我用 GitHub 仓库养了个 AI 龙虾！","http://mp.weixin.qq.com/s?__biz=MzI1NDczNTAwMA==&mid=2247585659&idx=1&sn=a18a0ba5ac278c6f2276c82f92d2352c&chksm=e9c3688cdeb4e19a9513d7671b2b9e60a352b3586c92f2eecb8b230adca6b673b3fce038b29e#rd","2026-04-23 06:12:34"
"程序员鱼皮","coder_yupi","MzI1NDczNTAwMA==","去微软 AI 大会逛了一天，CTO 的一句话让我破防了！","http://mp.weixin.qq.com/s?__biz=MzI1NDczNTAwMA==&mid=2247585558&idx=1&sn=1a17925b95d5d5a7cddd7d7ed6005819&chksm=e9c368e1deb4e1f7ce57d4b7fcd7f06ccd056b0c6998cf70928670805ef7920f44672934d621#rd","2026-04-22 11:30:04"
"程序员鱼皮","coder_yupi","MzI1NDczNTAwMA==","顶级 i 人勇闯微软 AI Tour 大会","http://mp.weixin.qq.com/s?__biz=MzI1NDczNTAwMA==&mid=2247585535&idx=1&sn=d62b86f2b914d149bb3c7b09a0d0a79c&chksm=e9c36908deb4e01eb5d884452a42173e8610781420dc011d0ab3014da4be65ba2fb94e115d5f#rd","2026-04-21 10:45:52"
"程序员鱼皮","coder_yupi","MzI1NDczNTAwMA==","鸡厂面试官：“什么是 RAG？” 我自信：“RAP 是指说唱… 哎呦嘿 bro！” 他没绷住：练习两年半是吧？","http://mp.weixin.qq.com/s?__biz=MzI1NDczNTAwMA==&mid=2247585516&idx=1&sn=9fc7a3a968925b7e04ab660f2ae35b60&chksm=e9c3691bdeb4e00dc9bb4cd2a2dc6e916f4e89a6b53e37d6adc12b377a0d838af9cf5e8e2009#rd","2026-04-20 07:07:09"
"程序员鱼皮","coder_yupi","MzI1NDczNTAwMA==","学编程的方式，已经被 AI 彻底颠覆了！

别再傻傻地从编程语言开始学起了。。

以前学编程，要先花 1 个月学语言基础，再花一两个月学框架、数据库，然后才能做出一个类似管理系统的 Demo，前端还巨丑。想做个像样的完整项目，估计还得再学至少 1 个月。从零到做出项目的周期太长了，劝退了很多人。

现在完全不同了！连没有编程基础的同学，比如产品经理，靠 AI 编程都能很快做出商业产品了，你怎么还能按传统顺序学古法编程呢？

所以不管你以后要不要做程序员，一定先学 AI 编程。先用 AI 快速做出产品，看到成果，提升兴趣，然后再去学背后的传统技术，这才是效率最高的路径。

不是说传统技术不用学了，AI 会出错、也需要人来驾驭。学好传统技术能让你更好地看懂代码、解决问题，尤其在企业做项目，需要人来审查代码，出了问题也是人来背锅。找程序员工作时，面试官也会问大量传统技术，绕不过去的。

也不必因为 AI 编程的发展而焦虑，有了 AI，学新技术会更快更轻松。就像以前学开车得先练手动挡，现在直接开自动挡就能上路了，如果你想当赛车手，再去研究手动挡也不迟。

而且 AI 编程发展后，跨语言的成本变得太低了。很多同学还在纠结选 Python AI 全栈还是 Java AI 全栈，其实这根本不是问题，因为重点不在编程语言，而是 AI 应用开发本身，像 RAG、Agent、Tool Calling 这些核心概念都是相通的，比如 Java 的 LangChain4j 转 Python 的 LangChain，就是换了种写法罢了，让 AI 转换一下代码轻轻松松。

我直接给大家一个最快的编程学习路径。AI 编程的学习周期很短，先看我的 AI 编程零基础教程快速入门（看完 10 AI 编程工具部分），然后跟着我全程直播开发的完整 AI 编程实战项目练手，比如 AI 视频下载总结器、AI 文档翻译工具、AI 热点监控工具、AI 闯关答题小程序等。

熟练运用 AI 编程并能做出自己的作品后，再开始补传统技术。以后端开发为例，按编程导航的学习路线把语言基础、开发框架、MySQL、Redis、消息队列等企业最常用的开发技术过一遍，跟着做个从 0 开始的实战项目（比如智能协同云图库），大概 1 ~ 2 个月。学的过程中还可以让 AI 帮你出选择题来巩固知识，检查自己的掌握程度。

然后再跟着 AI 超级智能体项目，在实战中系统学 AI 应用开发，并且把项目上线。至此，你的简历上就有拿得出手的作品了，可以直接开始投简历找工作。

欢迎留言聊聊你学 AI 编程多久了？晒晒你用 AI 编程做出的作品吧~","http://mp.weixin.qq.com/s?__biz=MzI1NDczNTAwMA==&mid=2247585482&idx=1&sn=d89ef2b7bc579d676abb6ec33bf7d596&chksm=e9c3693ddeb4e02b6071f5cd1e44fb2400a6756e9fcbc0e5630e8c65760707434558cc20c216#rd","2026-04-19 03:29:06"
"程序员鱼皮","coder_yupi","MzI1NDczNTAwMA==","老板突然说：“咱们的项目，不是给人类用的！” 我立刻写了离职信：“招我进来给 AI 打工？”","http://mp.weixin.qq.com/s?__biz=MzI1NDczNTAwMA==&mid=2247584969&idx=1&sn=c352cce4bd5f284b5e0a63f43e12c359&chksm=e9c36b3edeb4e228d4930f4e67d3a76a2cfc439e77f2ef95ea33f230082a68cd9674c921ea71#rd","2026-04-03 04:57:13"
"程序员鱼皮","coder_yupi","MzI1NDczNTAwMA==","面试官皱眉：“没用过 Claude Code 也敢来？” 我不屑：“但我能写一个！”，他愣了：等等我记一下…","http://mp.weixin.qq.com/s?__biz=MzI1NDczNTAwMA==&mid=2247584931&idx=1&sn=617de35b32f20ca3eee58aaa3ac350e0&chksm=e9c36b54deb4e2422f646aefe7756cfe899252aefda7b6ec4219b57afe57708a771b8234c331#rd","2026-04-01 23:39:49"
"程序员鱼皮","coder_yupi","MzI1NDczNTAwMA==","刚刚，价值数亿的 Claude Code 的源代码完整泄露了！火速收藏

我正在直播呢，结果弹幕的朋友们疯了一样让我聊这事，那就带大家了解一下吧~

怎么回事呢？Anthropic 的工程师在发布 NPM 包的时候，手滑把一个 59.8 MB 的 Source Map 调试文件打包进了生产环境。这玩意本来是内部 debug 用的，能直接把编译后的代码还原成原始 TypeScript 源码。结果被安全研究员 Chaofan Shou 发现之后直接发到了 X 上，然后就炸了…… 几个小时之内，GitHub 上冒出了好几个镜像仓库，甚至有个已经 3.8w Star 了，全世界的程序员都在疯狂下载。

这次基本上 Claude Code 的全部家当都被翻出来了，51.2 万行代码、1900 个文件、40 多个 Agent 工具怎么实现的、85 个斜杠命令怎么注册的、内部 feature flag 都有哪些，全都一览无余。甚至还挖出来一个叫 BUDDY 的隐藏彩蛋，居然是个数字宠物系统。

不过最有价值的还是它的三层「自愈记忆」架构，专门解决 AI 在长对话中越聊越糊涂的问题，这套设计思路对整个行业都是教科书级别的。

更讽刺的是，这已经是 Anthropic 几天内第二次泄露了，几天前刚把未发布的模型细节也给漏出去了。一家靠 AI 写代码年赚 25 亿美金的公司，自己的代码却因为最基础的打包失误被扒光？帮全世界程序员写代码的公司，自己的代码质量管控却翻了车？医者，不能自医啊……

这件事对 Claude Code 的影响有多大呢？可以说 Claude Code 是目前最强的 AI 编程工具，这份源码相当于把整套架构设计和工程实现全部公开了，竞争对手直接省了不知道多久的摸索时间。我估计各个大厂做 AI 编程工具的程序员今晚都不用睡了，全在抓紧学习这份源码呢，这可是快速提升绩效的好机会啊！

感谢 Claude Code 这波为 AI 编程工具的发展做出了重大贡献，竞争对手们赢麻了，咱们做技术的也能趁机学习学习，大家也能跟着吃个瓜乐呵乐呵，可以说是皆大欢喜。不过 OpenCode 这种仿 Claude Code 的开源项目，接下来会怎么定位自己呢？我还是挺好奇的。

对了提醒一下，目前有些 GitHub 镜像仓库里的源码已经被替换了，不再是原始泄露的版本。大家如果想获取完整源码学习的话，可以点我头像，私信回复「claude」领取。

明天有空的话我好好研究一下这份源码，学到东西了就给大家分享。正好最近在做 Claude Code 的教程，这下素材直接拉满了，感兴趣的关注一波别错过~","http://mp.weixin.qq.com/s?__biz=MzI1NDczNTAwMA==&mid=2247584897&idx=1&sn=2969a5f3e97b642fbb741b1bd008264d&chksm=e9c36b76deb4e2601a8207d032f56642a6a1669af1a4c34d231613283e50f318c8bfce16d4ea#rd","2026-03-31 13:23:32"
"程序员鱼皮","coder_yupi","MzI1NDczNTAwMA==","面试结束，在走廊听到面试官吐槽：“刚刚的候选人，纯八股文战士，不太行”，我暗骂：“这人自己上岸了，就瞧不起其他人刷题”","http://mp.weixin.qq.com/s?__biz=MzI1NDczNTAwMA==&mid=2247584895&idx=1&sn=7f00bcac4629617ed4bc2166019e33ef&chksm=e9c36b88deb4e29e2ac549349cabca9bccaa592f454f3d947197f3d894ed3df9d086b9e7a523#rd","2026-03-31 06:48:08"
"程序员鱼皮","coder_yupi","MzI1NDczNTAwMA==","面试通过了，Hr说：“你和前公司确认一下离职时间，我再给你发 Offer”，我无语：“你把我当傻子吗。。。”","http://mp.weixin.qq.com/s?__biz=MzI1NDczNTAwMA==&mid=2247584895&idx=2&sn=1add12cfc4ff05f6301f4d4287bb0f06&chksm=e9c36b88deb4e29ee9a7061c28648d236baf56f926b1346e8c41df05af8995739414d52bcb77#rd","2026-03-31 06:48:08"
"程序员鱼皮","coder_yupi","MzI1NDczNTAwMA==","时隔六年，曝光一下鱼皮的最新简历！","http://mp.weixin.qq.com/s?__biz=MzI1NDczNTAwMA==&mid=2247584891&idx=1&sn=21695514ae6725ba10a00238bf2aea7a&chksm=e9c36b8cdeb4e29a231992e585033032de42ed0d792d12871984a7c4795c28f524312cd00891#rd","2026-03-30 07:09:11"
"程序员鱼皮","coder_yupi","MzI1NDczNTAwMA==","汇总一下，国内各大 OpenClaw 一站式部署平台，腾讯也出手了！","http://mp.weixin.qq.com/s?__biz=MzI1NDczNTAwMA==&mid=2247584055&idx=1&sn=9ba9cda9e52ed4abbf2ec523832b58cb&chksm=e9c36ec0deb4e7d6f81b403b4e9bc7995ba06f5977711c0c2973094d8fef70d04126fd6abc41#rd","2026-03-14 03:38:48"
"程序员鱼皮","coder_yupi","MzI1NDczNTAwMA==","同事：“卧槽，你上班刷 Boss 直聘，不怕被发现？”我：“嘘，准备跑路了，听说现在行情很好..”","http://mp.weixin.qq.com/s?__biz=MzI1NDczNTAwMA==&mid=2247583901&idx=1&sn=940a7203931bc4a568684586f7763a23&chksm=e9c36f6adeb4e67cc48ddc102bc6e0a5069bfb4d9c8a1f2ae944d2b8387cafe0800d21a660b3#rd","2026-03-13 02:27:00"
"程序员鱼皮","coder_yupi","MzI1NDczNTAwMA==","我用 OpenClaw 做了个 AI 女友，很哇塞","http://mp.weixin.qq.com/s?__biz=MzI1NDczNTAwMA==&mid=2247583901&idx=2&sn=abadf3d26cbc7e105dfedf05634f4a94&chksm=e9c36f6adeb4e67c15a6aaded63f686cf12cbaa20c4c38c925281cdf72df115d0950e8ec7b19#rd","2026-03-13 02:27:00"
"程序员鱼皮","coder_yupi","MzI1NDczNTAwMA==","当我把 OpenClaw 接入飞书，它开始用我的摄像头搞事了！","http://mp.weixin.qq.com/s?__biz=MzI1NDczNTAwMA==&mid=2247583899&idx=1&sn=20966e4a26095cddd447849ecd2540a7&chksm=e9c36f6cdeb4e67ad84241baac5472d9caedfcc2e71de6ff82aae16485d3a1ebfc522accce00#rd","2026-03-12 09:11:38"
"程序员鱼皮","coder_yupi","MzI1NDczNTAwMA==","OpenClaw 的第一批受害者，已经出现了！","http://mp.weixin.qq.com/s?__biz=MzI1NDczNTAwMA==&mid=2247583755&idx=1&sn=9f1d4ae5640c05593510e34d9b3bfea0&chksm=e9c36ffcdeb4e6eaa06b6af1139e500f7f30497838145616bb014bb13f590bb835c9d9ea7c1b#rd","2026-03-11 09:51:14"
"程序员鱼皮","coder_yupi","MzI1NDczNTAwMA==","全网爆火的 OpenClaw 上门安装，我也出手了！","http://mp.weixin.qq.com/s?__biz=MzI1NDczNTAwMA==&mid=2247583675&idx=1&sn=14b90dbee285893ccba444ae9125e8d3&chksm=e9c3604cdeb4e95a78bc5c2497118adde570a865c0f7f3a08d21a03c5b5a9a084162b190574a#rd","2026-03-10 06:31:13"
"程序员鱼皮","coder_yupi","MzI1NDczNTAwMA==","OpenClaw 交流群来了，千人一起养虾！","http://mp.weixin.qq.com/s?__biz=MzI1NDczNTAwMA==&mid=2247583675&idx=2&sn=f8a6d636a520f998b7362d23bdb428dc&chksm=e9c3604cdeb4e95a234066cf20096e47619999a6f5f47f4e70bc336fdfa80c9f3411d92dc100#rd","2026-03-10 06:31:13"
"程序员鱼皮","coder_yupi","MzI1NDczNTAwMA==","杭州一个 97 年小伙，开了个一人公司，靠 AI 5 个月上线了 120 多个 App，其中 90% 都有人付费，他是怎么做到的？🤯

核心就是一套可复刻的 AI 工作流：
1）让 AI 扫描全球各行业的公开数据，找「有人需要但没人做」的应用缺口。产品主要面向海外市场，比如美国建筑行业工具、西班牙耗水监测 App、新加坡工程管理软件
2）把筛选出的需求转成功能清单，交给 AI 写代码
3）第二天醒来验收上架，每天花不到 1 小时。单款成本几百块，不行就关掉换下一个。

比如他做的「康心伴」，专门帮用户管理健康记录。拍照上传体检报告，由 AI 自动整理成时间线；看病时用语音描述症状，系统帮你记下来。这个 App 在海外技术圈还小火了一把。

他虽然是职高毕业，但之后自学转行做了软件架构和物联网，有多年技术积累。以前我们总说要专注一个方向才容易成功，但 AI 时代不一样了，个人能力边界被极大地拓宽。只要你有「基本功打底」，加上「发现需求的眼光」和「马上去干的行动力」，多开火、多尝试，同样能跑出可观的收益。

一些对大家有用的资源：
👉🏻 100+ 编程学习路线 / 实战项目 / 求职指导 codefather.cn
👉🏻 100+ 简历模板 laoyujianli.com
👉🏻 300+ 企业面试题库 mianshiya.com
👉🏻 500+ AI 资源大全 ai.codefather.cn
👉🏻 1 对 1 模拟面试 ai.mianshiya.com
👉🏻 动画学算法教程 algo.codefather.cn","http://mp.weixin.qq.com/s?__biz=MzI1NDczNTAwMA==&mid=2247582466&idx=1&sn=4d7adf1bd3f961729404a045172bd8e5&chksm=e9c364f5deb4ede39668668b794d838e8508e58f9a96fa5f5e1165bbec2f76a8f10cb217063b#rd","2026-02-21 23:20:32"
"程序员鱼皮","coder_yupi","MzI1NDczNTAwMA==","我文章中的 AI 配图是怎么做的？30 秒学会","http://mp.weixin.qq.com/s?__biz=MzI1NDczNTAwMA==&mid=2247582464&idx=1&sn=9990789d7ea16d14039a9b8cdd7d64c8&chksm=e9c364f7deb4ede15b2c966be929999d1ec27ae6a50e497ad210000ba49aa78f4e1144048daa#rd","2026-02-21 04:14:26"
"程序员鱼皮","coder_yupi","MzI1NDczNTAwMA==","用第三方工具调 Claude 的同学注意了，Anthropic 这两天又发疯了，再用可能直接封号！😭

之前很多开发者喜欢用 OpenCode、OpenClaw 这类第三方开源工具来调用 Claude，体验比官方客户端更灵活，还能自己编排工作流。但 Anthropic 最近更新了服务条款，明确禁止用个人订阅账号的登录凭证接入任何第三方工具，哪怕你是高贵的 Pro、Max 订阅用户，只要被检测到就有封号风险。

其实在 1 月份 Anthropic 就动过一次手，直接从技术层面封堵了非官方客户端的 API 请求，当时 OpenCode 这个 GitHub 上几万 Star 的项目首先中招，大量开发者突然发现工具连不上了。有趣的是，同一时间还被爆出马斯克家 xAI 的工程师一直在偷偷用 Claude 写代码，于是 Anthropic 顺手把 xAI 的访问也掐了。

1 月那波是技术上堵漏洞，还有人能想办法绕过去。但这次不一样了，Anthropic 直接把「禁止第三方使用 OAuth」写进了服务条款，从规则层面彻底封死了。

Anthropic 收紧第三方调用，表面上说是出于合规或者想获得更多订阅费，但更深层的原因可能是「数据」。你用第三方工具在本地写代码的时候，你是怎么 debug 的、试了哪些方案、最后选了哪个、怎么调教 AI，这些完整的开发过程 Anthropic 全都看不到。但这种「试错数据」恰恰是训练下一代模型最稀缺的素材。把开发者赶回官方工具，本质上也是在争夺数据入口。

还有人猜测这波操作跟 OpenClaw 创始人最近加入 OpenAI 有关，Anthropic 不想让自己的资源间接给竞对输血。

总之，如果你是开发者，之前在用第三方工具接入 Claude 的订阅，该考虑换成正规的 API Key 了，别因小失大把号搞没了。

你们有受到这波的影响吗？还有什么更安全的使用 API 的方式么？

一些对大家有用的资源：
👉🏻 100+ 编程学习路线 / 实战项目 / 求职指导 codefather.cn
👉🏻 100+ 简历模板 laoyujianli.com
👉🏻 300+ 企业面试题库 mianshiya.com
👉🏻 500+ AI 资源大全 ai.codefather.cn
👉🏻 1 对 1 模拟面试 ai.mianshiya.com
👉🏻 动画学算法教程 algo.codefather.cn","http://mp.weixin.qq.com/s?__biz=MzI1NDczNTAwMA==&mid=2247582378&idx=1&sn=37a8abddfc44152f5de9daeb2fc5a8d0&chksm=e9c3655ddeb4ec4bd63006129c0c96efb168c92e354c054ce817ea74ba8c67441f2bec6ed07a#rd","2026-02-20 00:00:54"
"程序员鱼皮","coder_yupi","MzI1NDczNTAwMA==","再见京东，我对你彻底失望了！","http://mp.weixin.qq.com/s?__biz=MzI1NDczNTAwMA==&mid=2247582376&idx=1&sn=1f7eabd59cc4266847a3b0c50eb49b3c&chksm=e9c3655fdeb4ec490c62b3da221d72a54999067c44bd643fccc83642e5b6f42f50205a00e2cf#rd","2026-02-18 23:54:13"
"程序员鱼皮","coder_yupi","MzI1NDczNTAwMA==","刚刚，Claude Sonnet 4.6 发布！

过年这几天大模型圈是一点不消停，国内千问 3.5 除夕发布，国外 Anthropic 紧跟着放出了 Claude Sonnet 4.6 🤔 我帮大家做做笔记。放心，这次没什么新概念～

1）支持 100 万 Token 上下文窗口，能一次塞下整个代码库
2）推理能力升级，更听话、不过度设计、也不偷工减料、幻觉更少更可靠，关键是价格没涨
3）电脑操作能力提升，某些任务已接近人类水平，复杂表格、多标签页操作都能搞定

现在 claude.ai 免费用户默认就是 Sonnet 4.6，并且 Cursor、GitHub、Replit、Bolt 已全线接入。在走亲戚，晚些测测看，大家用起来感觉怎么样？

一些对大家有用的资源：
👉🏻 100+ 编程学习路线 / 实战项目 / 求职指导 codefather.cn
👉🏻 100+ 简历模板 laoyujianli.com
👉🏻 300+ 企业面试题库 mianshiya.com
👉🏻 500+ AI 资源大全 ai.codefather.cn
👉🏻 1 对 1 模拟面试 ai.mianshiya.com
👉🏻 动画学算法教程 algo.codefather.cn","http://mp.weixin.qq.com/s?__biz=MzI1NDczNTAwMA==&mid=2247582352&idx=1&sn=3ac9b8370b9a74dc4dd0b9f8d1d4b6b8&chksm=e9c36567deb4ec716f4eadc1984b6e6dd260180964a0a97d3f2944ed24324aea9209859cec12#rd","2026-02-18 02:04:20"
"程序员鱼皮","coder_yupi","MzI1NDczNTAwMA==","我把公司的数据库打爆了！","http://mp.weixin.qq.com/s?__biz=MzI1NDczNTAwMA==&mid=2247581960&idx=1&sn=5a76e8bab03eafc413d9409795067b86&chksm=e9c366ffdeb4efe9f3491a1bc9ff5229a4945ef3d9dd3d91235f78deec7836820782571a0d9a#rd","2026-02-02 06:06:08"
"程序员鱼皮","coder_yupi","MzI1NDczNTAwMA==","快手年终奖系数出炉，10+ 月薪资高绩效，谁爽到了？","http://mp.weixin.qq.com/s?__biz=MzI1NDczNTAwMA==&mid=2247581960&idx=2&sn=cbc951b585e8072244c9a6547ebe4395&chksm=e9c366ffdeb4efe9cc4cdb0767782488e24df307f7c93df2525793f3e3c044a7d5785a6c5fe1#rd","2026-02-02 06:06:08"
"程序员鱼皮","coder_yupi","MzI1NDczNTAwMA==","被催了 800 遍，我的小程序终于来了！","http://mp.weixin.qq.com/s?__biz=MzI1NDczNTAwMA==&mid=2247581880&idx=1&sn=ee4e409a7f953a278c53ceef0bbc5016&chksm=e9c3674fdeb4ee59999821a64293c8696d3bbec36c7a4e7229920f0c70da7123471be11a549d#rd","2026-02-01 01:50:44"
"程序员鱼皮","coder_yupi","MzI1NDczNTAwMA==","这是 ClawdBot 创始人的简历，赚够 1 亿后深感空虚，写代码才是真正的快乐","http://mp.weixin.qq.com/s?__biz=MzI1NDczNTAwMA==&mid=2247581876&idx=1&sn=6ed508ed77e3b0ecaa382446d2584fad&chksm=e9c36743deb4ee55134f0d8756ffb4f35da237ebb8256c8f3f9e7e6ea3e254b31c5bc43c7468#rd","2026-01-30 23:33:42"
"程序员鱼皮","coder_yupi","MzI1NDczNTAwMA==","鱼皮的朋友圈，限时开放！","http://mp.weixin.qq.com/s?__biz=MzI1NDczNTAwMA==&mid=2247581876&idx=2&sn=d32689901152009f0142d8607508397c&chksm=e9c36743deb4ee551602ddf6316a322ef6e7f3b4318d188fb0e55eb16e6babf2fd83f1c004ab#rd","2026-01-30 23:33:42"
"程序员鱼皮","coder_yupi","MzI1NDczNTAwMA==","26届春招，启动！","http://mp.weixin.qq.com/s?__biz=MzI1NDczNTAwMA==&mid=2247581800&idx=1&sn=9a35dc8082e147ae1cf3624bf1851a0a&chksm=e9c3679fdeb4ee898f7b943eca76e2c4ede63138f49d2013e82aa9a25d3b0eba33579a557c71#rd","2026-01-30 00:27:41"
"程序员鱼皮","coder_yupi","MzI1NDczNTAwMA==","26 届春招龙王群，限时开放！","http://mp.weixin.qq.com/s?__biz=MzI1NDczNTAwMA==&mid=2247581800&idx=2&sn=2a789a3db76be1005f3c1623be6beb5a&chksm=e9c3679fdeb4ee895bf3394e7e81e6b387a852184ba88f70826c952ceeac7c7926f4cd2012fd#rd","2026-01-30 00:27:41"
"程序员鱼皮","coder_yupi","MzI1NDczNTAwMA==","前特斯拉 AI 总监：AI 编程最大的谎言，是 “提效”","http://mp.weixin.qq.com/s?__biz=MzI1NDczNTAwMA==&mid=2247581752&idx=1&sn=445098ad7e9b1cfd7a981276555ec0bb&chksm=e9c367cfdeb4eed90550b0795f9ca2202eac320fa3080a8cd039adabe496f19c263c23790cfa#rd","2026-01-29 00:18:50"
"程序员鱼皮","coder_yupi","MzI1NDczNTAwMA==","一个严重被低估的项目。。。","http://mp.weixin.qq.com/s?__biz=MzI1NDczNTAwMA==&mid=2247581752&idx=2&sn=1a4c9f8ead1070af4921d1c486369d9a&chksm=e9c367cfdeb4eed99c085fedbbe1db6e485879f3e60bfff58db99216270f4345dbb8ddbe315f#rd","2026-01-29 00:18:50"
"程序员鱼皮","coder_yupi","MzI1NDczNTAwMA==","我的免费 Vibe Coding 零基础教程，爆了！","http://mp.weixin.qq.com/s?__biz=MzI1NDczNTAwMA==&mid=2247580489&idx=1&sn=ea128f6a8c5d79e641133615f85f7ab8&chksm=e9c35cbedeb4d5a8feca761a4c7e76b3a9531ef15fb91c981825248346ad99852ea2ea3eb327#rd","2026-01-13 06:46:47"
"程序员鱼皮","coder_yupi","MzI1NDczNTAwMA==","整整一年，又出成果了！","http://mp.weixin.qq.com/s?__biz=MzI1NDczNTAwMA==&mid=2247580420&idx=1&sn=11ff4194d18098202e72faa0b13942dd&chksm=e9c35cf3deb4d5e5937267921662fc11ffec2848493d27027e0e9e0a23b27ef7fc9777708f2a#rd","2026-01-12 00:36:34"
"程序员鱼皮","coder_yupi","MzI1NDczNTAwMA==","13个曾经辉煌、现在倒闭的网站，你用过几个？

1、快播
为什么火就不多说了。14年因内容问题轰然倒塌，创始人王欣因此入狱，后来重新创业但并不顺利

2、人人网
80后90后的回忆杀，可惜没抓住移动互联网风口，24年正式停服

3、千千静听
简洁的界面和黑科技般的歌词同步功能，陪伴了无数人的学生时代，后来被百度收购并改名

4、天涯社区
天涯何处无芳草，20年的中文论坛传奇，诞生过无数网络热帖和草根作家，23年停止服务

5、虾米音乐
文艺青年心中的白月光，21年关停，阿里的音乐梦碎了一地

6、开心网
19年7月关闭。还记得定闹钟偷菜的日子吗？那种简单纯粹的快乐，00后可能永远体会不到了。

7、土豆网
每个人都是生活的导演，我的第一个视频就是传到土豆上的。12年和优酷合并，17年品牌彻底消失，创始人王微转行做动画去了

8、暴风影音
PC时代的装机必备，上市后市值一度冲到400亿。但是激进扩张让它跌入深渊，创始人冯鑫锒铛入狱

9、飞信
中国移动的即时通讯产品，免费发短信让它8年狂揽5亿用户。可惜被微信彻底碾压，20年9月停运

10、腾讯微博
背靠QQ的10亿用户，11年注册量一度超过新浪微博。但微信的崛起改变了腾讯的战略布局，腾讯微博成了弃子，20年9月正式嗝屁

11、网易博客
博客时代的见证者，18年11月关闭，慢节奏的互联网时代结束了

12、乐视网
曾经市值冲破千亿，超级电视、超级汽车、超级手机什么都想做，最后啥都做不好。欠债超百亿后老贾远走美国

13、ofo小黄车
3年烧光超百亿，如今上千万用户的押金依然难退，而创始人已经在美国开起了咖啡厅，听说并不顺利

===

每个消失的产品背后，都有一段故事。有的是技术创新走错了路，有的是资金链断裂突然倒闭，有的是被巨头围剿失去生存空间，还有的是没能跟上时代……
虽然它们已经离去，但在互联网发展史上留下的印记是抹不掉的。
我专门用 AI 撸了一个网站 gualeme.cn 挂了么，如果你也想纪念这些数字时代的记忆，可以来这里看看。

这些网站有勾起你回忆的产品吗？哪个最让你遗憾？欢迎在评论区分享

一些对大家有用的资源：
👉🏻 100+ 编程学习路线 / 实战项目 / 求职指导 codefather.cn
👉🏻 100+ 简历模板 laoyujianli.com
👉🏻 300+ 企业面试题库 mianshiya.com
👉🏻 500+ AI 资源大全 ai.codefather.cn
👉🏻 1 对 1 模拟面试 ai.mianshiya.com
👉🏻 动画学算法教程 algo.codefather.cn","http://mp.weixin.qq.com/s?__biz=MzI1NDczNTAwMA==&mid=2247580409&idx=1&sn=db36bd444bc516738a954fa29c3623c1&chksm=e9c35d0edeb4d418545564ad38394888512de03754914aa035bafe4c460d3c04efe76284ff30#rd","2026-01-11 02:39:22"
"程序员鱼皮","coder_yupi","MzI1NDczNTAwMA==","DeepSeek V4 预计春节发布，干翻国外大模型","http://mp.weixin.qq.com/s?__biz=MzI1NDczNTAwMA==&mid=2247580405&idx=1&sn=c45c36311628c9a4df81716ab6ec784f&chksm=e9c35d02deb4d414c87c5211c4391dc83b493089e3d0627dd04d020847d428dad86d5441aada#rd","2026-01-10 01:17:40"
"程序员鱼皮","coder_yupi","MzI1NDczNTAwMA==","2026 年 01 月编程语言排行榜｜C# 拿下年度编程语言～","http://mp.weixin.qq.com/s?__biz=MzI1NDczNTAwMA==&mid=2247580370&idx=2&sn=a13b828542afcdd69f458b643a8035f8&chksm=e9c35d25deb4d433716073f8bf9fb935004f1420d91ae21b130272315d2468a3eeeb99eec9b7#rd","2026-01-09 01:31:00"
"ArronAI","ArronAI","Mzg3NDIyMzI0Mw==","强推！大模型进阶速成资料","http://mp.weixin.qq.com/s?__biz=Mzg3NDIyMzI0Mw==&mid=2247491487&idx=1&sn=5f145e92b5c91d5cf68659594fb84b2e&chksm=ced55c7bf9a2d56d2ea08e9ade0c949df1e289b42af4b039b8ee866fce927485a1dbb0544590#rd","2026-04-16 01:21:36"
"ArronAI","ArronAI","Mzg3NDIyMzI0Mw==","大模型时代，LSTM已经彻底凉凉了？","http://mp.weixin.qq.com/s?__biz=Mzg3NDIyMzI0Mw==&mid=2247491475&idx=1&sn=85c35c624702417b3b0a18ffc8a38dc5&chksm=ced55c77f9a2d561c887b1123bdd8b1e7a57063c7d26404c364cf7245753f645163c5fd45d10#rd","2026-04-12 23:00:00"
"ArronAI","ArronAI","Mzg3NDIyMzI0Mw==","最新创新思路，Graph+AI Agents!!","http://mp.weixin.qq.com/s?__biz=Mzg3NDIyMzI0Mw==&mid=2247491468&idx=1&sn=229e398a2286a59c4583f619829ec923&chksm=ced55c68f9a2d57e8752135be32d3584a9a267cc97f5c8bcef0704f857da804525ca7dfc699a#rd","2026-04-02 00:53:54"
"ArronAI","ArronAI","Mzg3NDIyMzI0Mw==","强推！","http://mp.weixin.qq.com/s?__biz=Mzg3NDIyMzI0Mw==&mid=2247491462&idx=1&sn=25da2e40c2301033e7ffb9ef7467a55a&chksm=ced55c62f9a2d5746990e4181f9d4d43433eb2319ed80ccc9b3fb1c90063538ad89e68b8d03a#rd","2026-03-27 22:00:09"
"ArronAI","ArronAI","Mzg3NDIyMzI0Mw==","LLM之Agent（四十六）｜OpenClaw-RL：AI Agent正在丢弃最宝贵的训练数据","http://mp.weixin.qq.com/s?__biz=Mzg3NDIyMzI0Mw==&mid=2247491448&idx=1&sn=4dd578227f843d08327e295e2019a19a&chksm=ced55c9cf9a2d58a4c2d9187625b61bec4b8355f728c02824ff2c6efed7fcc7082faeaa8b7cd#rd","2026-03-27 04:29:43"
"老顾聊技术","laoguliaojishu","MzU3NDg3MzUwMw==","OpenClaw---""小龙虾""的原理分析，这一篇就够了","http://mp.weixin.qq.com/s?__biz=MzU3NDg3MzUwMw==&mid=2247487001&idx=1&sn=43d6202e1eae5889896e4c80754862fc&chksm=fd2a84e9ca5d0dffdc21667de9add878b3f328c1f8c8a80288d2c8e7c2725427012d0b050699#rd","2026-03-30 08:43:30"
"老顾聊技术","laoguliaojishu","MzU3NDg3MzUwMw==","别让AICoding吞噬你的核心能力：从热情浮躁中清醒","http://mp.weixin.qq.com/s?__biz=MzU3NDg3MzUwMw==&mid=2247486933&idx=1&sn=a0901b0cb3692d0e4298dd63c61c9390&chksm=fd2a8725ca5d0e33c9489812f741e224f3c1c3e793b8682728194d57907d3633664f25b5b247#rd","2026-03-07 03:19:23"
"老顾聊技术","laoguliaojishu","MzU3NDg3MzUwMw==","OpenClaw深入分析与教程(Clawdbot、Moltbot)","http://mp.weixin.qq.com/s?__biz=MzU3NDg3MzUwMw==&mid=2247486926&idx=1&sn=56f800c4e548e96ba11e836089211a1f&chksm=fd2a873eca5d0e2803d13c4bc48ed61cc8754fec7eba4cc58cb4c5932591e8da732a57f624bd#rd","2026-02-02 09:37:34"
"老顾聊技术","laoguliaojishu","MzU3NDg3MzUwMw==","Agent Skills是什么？给你讲的透透的","http://mp.weixin.qq.com/s?__biz=MzU3NDg3MzUwMw==&mid=2247486873&idx=1&sn=4ec136fbc6a44f0d739b7c85425cd3a2&chksm=fd2a8769ca5d0e7fd6e9c070e149eb47d6978e7e43bfeb43039c37f6348bba55ea492eef0f10#rd","2026-01-27 23:40:00"
"老顾聊技术","laoguliaojishu","MzU3NDg3MzUwMw==","LangChain V1.0 Streaming 详细指南","http://mp.weixin.qq.com/s?__biz=MzU3NDg3MzUwMw==&mid=2247486835&idx=1&sn=9a16fd235aca092f1fed40da1bfc8964&chksm=fd2a8783ca5d0e95e9330578ba721f2c7b4b21cee766468a04bf1d0f84ae2750bcb60aeca93f#rd","2026-01-17 10:11:15"
"老顾聊技术","laoguliaojishu","MzU3NDg3MzUwMw==","零基础入门-LangChain V1.0多智能体系统","http://mp.weixin.qq.com/s?__biz=MzU3NDg3MzUwMw==&mid=2247486835&idx=2&sn=c183e16617aa23fb989b4210a007e35c&chksm=fd2a8783ca5d0e95c10c2f7d08c91c5d8b8d468d9a4dbfbe7c129e93c203a6456f78a5972f9a#rd","2026-01-17 10:11:15"
"老顾聊技术","laoguliaojishu","MzU3NDg3MzUwMw==","如何让大模型有短期和长期记忆能力？LangGraph指南","http://mp.weixin.qq.com/s?__biz=MzU3NDg3MzUwMw==&mid=2247486835&idx=3&sn=0ebb9e28005e29f6c1f26f6395d83395&chksm=fd2a8783ca5d0e952ddb9302fee89b84dad94918850ab8d446b1d3d6a23a947b72dfd24adf40#rd","2026-01-17 10:11:15"
"老顾聊技术","laoguliaojishu","MzU3NDg3MzUwMw==","RAG 系统文本切分Chunk有哪些方法？","http://mp.weixin.qq.com/s?__biz=MzU3NDg3MzUwMw==&mid=2247486835&idx=4&sn=c00d3c64c0d0e4e41a597b0db4a29843&chksm=fd2a8783ca5d0e958a7efd88c12ce86c2655da9590a926a0f1b6d1882b7ee1fce5db9543e655#rd","2026-01-17 10:11:15"
